Mean;Mean;From;False;NZW;0.9998330132754445;0.9996660265508891;1.0
Mean;Mean;To;False;NZW;1.0;1.0;1.0
Mean;Mean;MeanColumns;False;NZW;1.0;1.0;1.0
Mean;Mean;MeanRows;False;NZW;1.0;1.0;1.0
Mean;Mean;MaxColumns;False;NZW;1.0;1.0;1.0
Mean;Mean;MaxRows;False;NZW;1.0;1.0;1.0
Mean;Sum;From;False;NZW;0.9998330132754445;0.9996660265508891;1.0
Mean;Sum;To;False;NZW;1.0;1.0;1.0
Mean;Sum;MeanColumns;False;NZW;1.0;1.0;1.0
Mean;Sum;MeanRows;False;NZW;1.0;1.0;1.0
Mean;Sum;MaxColumns;False;NZW;1.0;1.0;1.0
Mean;Sum;MaxRows;False;NZW;1.0;1.0;1.0
Mean;0;From;False;NZW;1.0;1.0;1.0
Mean;0;To;False;NZW;1.0;1.0;1.0
Mean;0;MeanColumns;False;NZW;1.0;1.0;1.0
Mean;0;MeanRows;False;NZW;1.0;1.0;1.0
Mean;0;MaxColumns;False;NZW;1.0;1.0;1.0
Mean;0;MaxRows;False;NZW;1.0;1.0;1.0
Mean;1;From;False;NZW;0.9877195162065395;0.990053919390498;0.9853851130225811
Mean;1;To;False;NZW;0.9759327182524271;0.9977156056286804;0.9541498308761737
Mean;1;MeanColumns;False;NZW;1.0;1.0;1.0
Mean;1;MeanRows;False;NZW;1.0;1.0;1.0
Mean;1;MaxColumns;False;NZW;1.0;1.0;1.0
Mean;1;MaxRows;False;NZW;1.0;1.0;1.0
Mean;2;From;False;NZW;0.9984237801875904;0.997194060721681;0.9996534996534997
Mean;2;To;False;NZW;1.0;1.0;1.0
Mean;2;MeanColumns;False;NZW;1.0;1.0;1.0
Mean;2;MeanRows;False;NZW;1.0;1.0;1.0
Mean;2;MaxColumns;False;NZW;1.0;1.0;1.0
Mean;2;MaxRows;False;NZW;1.0;1.0;1.0
Mean;3;From;False;NZW;0.8434550694153946;0.869418156568986;0.8174919822618033
Mean;3;To;False;NZW;0.9939146479619141;0.9969465862911185;0.9908827096327096
Mean;3;MeanColumns;False;NZW;1.0;1.0;1.0
Mean;3;MeanRows;False;NZW;1.0;1.0;1.0
Mean;3;MaxColumns;False;NZW;0.9997948905174596;0.9999362813814197;0.9996534996534997
Mean;3;MaxRows;False;NZW;1.0;1.0;1.0
Mean;4;From;False;NZW;0.9821691515805293;0.971255128012666;0.9930831751483925
Mean;4;To;False;NZW;0.9986144327252189;0.9996176796039575;0.9976111858464801
Mean;4;MeanColumns;False;NZW;1.0;1.0;1.0
Mean;4;MeanRows;False;NZW;1.0;1.0;1.0
Mean;4;MaxColumns;False;NZW;1.0;1.0;1.0
Mean;4;MaxRows;False;NZW;1.0;1.0;1.0
Mean;5;From;False;NZW;0.9999582533188611;0.9999165066377222;1.0
Mean;5;To;False;NZW;0.999855973950071;0.9997119479001418;1.0
Mean;5;MeanColumns;False;NZW;1.0;1.0;1.0
Mean;5;MeanRows;False;NZW;1.0;1.0;1.0
Mean;5;MaxColumns;False;NZW;1.0;1.0;1.0
Mean;5;MaxRows;False;NZW;1.0;1.0;1.0
Multi;Mean;From;False;NZW;1.0;1.0;1.0
Multi;Mean;To;False;NZW;1.0;1.0;1.0
Multi;Mean;MeanColumns;False;NZW;1.0;1.0;1.0
Multi;Mean;MeanRows;False;NZW;1.0;1.0;1.0
Multi;Mean;MaxColumns;False;NZW;1.0;1.0;1.0
Multi;Mean;MaxRows;False;NZW;1.0;1.0;1.0
Multi;Sum;From;False;NZW;1.0;1.0;1.0
Multi;Sum;To;False;NZW;1.0;1.0;1.0
Multi;Sum;MeanColumns;False;NZW;1.0;1.0;1.0
Multi;Sum;MeanRows;False;NZW;1.0;1.0;1.0
Multi;Sum;MaxColumns;False;NZW;1.0;1.0;1.0
Multi;Sum;MaxRows;False;NZW;1.0;1.0;1.0
Multi;0;From;False;NZW;1.0;1.0;1.0
Multi;0;To;False;NZW;1.0;1.0;1.0
Multi;0;MeanColumns;False;NZW;1.0;1.0;1.0
Multi;0;MeanRows;False;NZW;1.0;1.0;1.0
Multi;0;MaxColumns;False;NZW;1.0;1.0;1.0
Multi;0;MaxRows;False;NZW;1.0;1.0;1.0
Multi;1;From;False;NZW;1.0;1.0;1.0
Multi;1;To;False;NZW;1.0;1.0;1.0
Multi;1;MeanColumns;False;NZW;1.0;1.0;1.0
Multi;1;MeanRows;False;NZW;1.0;1.0;1.0
Multi;1;MaxColumns;False;NZW;1.0;1.0;1.0
Multi;1;MaxRows;False;NZW;1.0;1.0;1.0
Multi;2;From;False;NZW;1.0;1.0;1.0
Multi;2;To;False;NZW;1.0;1.0;1.0
Multi;2;MeanColumns;False;NZW;1.0;1.0;1.0
Multi;2;MeanRows;False;NZW;1.0;1.0;1.0
Multi;2;MaxColumns;False;NZW;1.0;1.0;1.0
Multi;2;MaxRows;False;NZW;1.0;1.0;1.0
Multi;3;From;False;NZW;0.9921770087607731;0.9864330196005484;0.9979209979209979
Multi;3;To;False;NZW;1.0;1.0;1.0
Multi;3;MeanColumns;False;NZW;0.9928731917187913;0.9867858844770837;0.9989604989604989
Multi;3;MeanRows;False;NZW;1.0;1.0;1.0
Multi;3;MaxColumns;False;NZW;0.992439916467114;0.9869588350132303;0.9979209979209979
Multi;3;MaxRows;False;NZW;1.0;1.0;1.0
Multi;4;From;False;NZW;1.0;1.0;1.0
Multi;4;To;False;NZW;1.0;1.0;1.0
Multi;4;MeanColumns;False;NZW;1.0;1.0;1.0
Multi;4;MeanRows;False;NZW;1.0;1.0;1.0
Multi;4;MaxColumns;False;NZW;1.0;1.0;1.0
Multi;4;MaxRows;False;NZW;1.0;1.0;1.0
Multi;5;From;False;NZW;1.0;1.0;1.0
Multi;5;To;False;NZW;1.0;1.0;1.0
Multi;5;MeanColumns;False;NZW;1.0;1.0;1.0
Multi;5;MeanRows;False;NZW;1.0;1.0;1.0
Multi;5;MaxColumns;False;NZW;1.0;1.0;1.0
Multi;5;MaxRows;False;NZW;1.0;1.0;1.0
Sum;Mean;From;False;NZW;0.9998330132754445;0.9996660265508891;1.0
Sum;Mean;To;False;NZW;1.0;1.0;1.0
Sum;Mean;MeanColumns;False;NZW;1.0;1.0;1.0
Sum;Mean;MeanRows;False;NZW;1.0;1.0;1.0
Sum;Mean;MaxColumns;False;NZW;1.0;1.0;1.0
Sum;Mean;MaxRows;False;NZW;1.0;1.0;1.0
Sum;Sum;From;False;NZW;0.9998330132754445;0.9996660265508891;1.0
Sum;Sum;To;False;NZW;1.0;1.0;1.0
Sum;Sum;MeanColumns;False;NZW;1.0;1.0;1.0
Sum;Sum;MeanRows;False;NZW;1.0;1.0;1.0
Sum;Sum;MaxColumns;False;NZW;1.0;1.0;1.0
Sum;Sum;MaxRows;False;NZW;1.0;1.0;1.0
Sum;0;From;False;NZW;1.0;1.0;1.0
Sum;0;To;False;NZW;1.0;1.0;1.0
Sum;0;MeanColumns;False;NZW;1.0;1.0;1.0
Sum;0;MeanRows;False;NZW;1.0;1.0;1.0
Sum;0;MaxColumns;False;NZW;1.0;1.0;1.0
Sum;0;MaxRows;False;NZW;1.0;1.0;1.0
Sum;1;From;False;NZW;0.9877195162065395;0.990053919390498;0.9853851130225811
Sum;1;To;False;NZW;0.9759327182524271;0.9977156056286804;0.9541498308761737
Sum;1;MeanColumns;False;NZW;1.0;1.0;1.0
Sum;1;MeanRows;False;NZW;1.0;1.0;1.0
Sum;1;MaxColumns;False;NZW;1.0;1.0;1.0
Sum;1;MaxRows;False;NZW;1.0;1.0;1.0
Sum;2;From;False;NZW;0.9984237801875904;0.997194060721681;0.9996534996534997
Sum;2;To;False;NZW;1.0;1.0;1.0
Sum;2;MeanColumns;False;NZW;1.0;1.0;1.0
Sum;2;MeanRows;False;NZW;1.0;1.0;1.0
Sum;2;MaxColumns;False;NZW;1.0;1.0;1.0
Sum;2;MaxRows;False;NZW;1.0;1.0;1.0
Sum;3;From;False;NZW;0.8434550694153946;0.869418156568986;0.8174919822618033
Sum;3;To;False;NZW;0.9939146479619141;0.9969465862911185;0.9908827096327096
Sum;3;MeanColumns;False;NZW;1.0;1.0;1.0
Sum;3;MeanRows;False;NZW;1.0;1.0;1.0
Sum;3;MaxColumns;False;NZW;0.9997948905174596;0.9999362813814197;0.9996534996534997
Sum;3;MaxRows;False;NZW;1.0;1.0;1.0
Sum;4;From;False;NZW;0.9821691515805293;0.971255128012666;0.9930831751483925
Sum;4;To;False;NZW;0.9986144327252189;0.9996176796039575;0.9976111858464801
Sum;4;MeanColumns;False;NZW;1.0;1.0;1.0
Sum;4;MeanRows;False;NZW;1.0;1.0;1.0
Sum;4;MaxColumns;False;NZW;1.0;1.0;1.0
Sum;4;MaxRows;False;NZW;1.0;1.0;1.0
Sum;5;From;False;NZW;0.9999582533188611;0.9999165066377222;1.0
Sum;5;To;False;NZW;0.999855973950071;0.9997119479001418;1.0
Sum;5;MeanColumns;False;NZW;1.0;1.0;1.0
Sum;5;MeanRows;False;NZW;1.0;1.0;1.0
Sum;5;MaxColumns;False;NZW;1.0;1.0;1.0
Sum;5;MaxRows;False;NZW;1.0;1.0;1.0
0;Mean;From;False;NZW;1.0;1.0;1.0
0;Mean;To;False;NZW;0.9995897810349192;0.9998725627628392;0.9993069993069994
0;Mean;MeanColumns;False;NZW;1.0;1.0;1.0
0;Mean;MeanRows;False;NZW;1.0;1.0;1.0
0;Mean;MaxColumns;False;NZW;1.0;1.0;1.0
0;Mean;MaxRows;False;NZW;1.0;1.0;1.0
0;Sum;From;False;NZW;1.0;1.0;1.0
0;Sum;To;False;NZW;0.9995897810349192;0.9998725627628392;0.9993069993069994
0;Sum;MeanColumns;False;NZW;1.0;1.0;1.0
0;Sum;MeanRows;False;NZW;1.0;1.0;1.0
0;Sum;MaxColumns;False;NZW;1.0;1.0;1.0
0;Sum;MaxRows;False;NZW;1.0;1.0;1.0
0;0;From;False;NZW;1.0;1.0;1.0
0;0;To;False;NZW;1.0;1.0;1.0
0;0;MeanColumns;False;NZW;1.0;1.0;1.0
0;0;MeanRows;False;NZW;1.0;1.0;1.0
0;0;MaxColumns;False;NZW;1.0;1.0;1.0
0;0;MaxRows;False;NZW;1.0;1.0;1.0
0;1;From;False;NZW;1.0;1.0;1.0
0;1;To;False;NZW;0.5928460120055685;0.7140875349194357;0.47160448909170144
0;1;MeanColumns;False;NZW;1.0;1.0;1.0
0;1;MeanRows;False;NZW;1.0;1.0;1.0
0;1;MaxColumns;False;NZW;0.9996216403442095;0.9999362813814197;0.9993069993069994
0;1;MaxRows;False;NZW;1.0;1.0;1.0
0;2;From;False;NZW;1.0;1.0;1.0
0;2;To;False;NZW;0.9988421238187617;0.9991813551128916;0.9985028925246316
0;2;MeanColumns;False;NZW;1.0;1.0;1.0
0;2;MeanRows;False;NZW;1.0;1.0;1.0
0;2;MaxColumns;False;NZW;1.0;1.0;1.0
0;2;MaxRows;False;NZW;1.0;1.0;1.0
0;3;From;False;NZW;0.9989469395206703;0.9989333800808416;0.9989604989604989
0;3;To;False;NZW;0.9001522724731155;0.9308209066326696;0.8694836383135615
0;3;MeanColumns;False;NZW;0.9995897810349192;0.9998725627628392;0.9993069993069994
0;3;MeanRows;False;NZW;1.0;1.0;1.0
0;3;MaxColumns;False;NZW;0.9995897810349192;0.9998725627628392;0.9993069993069994
0;3;MaxRows;False;NZW;1.0;1.0;1.0
0;4;From;False;NZW;0.9571183941805813;0.9592405812549811;0.9549962071061815
0;4;To;False;NZW;0.9693589588639216;0.9748488807449955;0.9638690369828478
0;4;MeanColumns;False;NZW;1.0;1.0;1.0
0;4;MeanRows;False;NZW;1.0;1.0;1.0
0;4;MaxColumns;False;NZW;1.0;1.0;1.0
0;4;MaxRows;False;NZW;1.0;1.0;1.0
0;5;From;False;NZW;1.0;1.0;1.0
0;5;To;False;NZW;0.9989649514029552;0.9995569479112163;0.998372954894694
0;5;MeanColumns;False;NZW;1.0;1.0;1.0
0;5;MeanRows;False;NZW;1.0;1.0;1.0
0;5;MaxColumns;False;NZW;0.9996216403442095;0.9999362813814197;0.9993069993069994
0;5;MaxRows;False;NZW;1.0;1.0;1.0
1;Mean;From;False;NZW;1.0;1.0;1.0
1;Mean;To;False;NZW;1.0;1.0;1.0
1;Mean;MeanColumns;False;NZW;1.0;1.0;1.0
1;Mean;MeanRows;False;NZW;1.0;1.0;1.0
1;Mean;MaxColumns;False;NZW;1.0;1.0;1.0
1;Mean;MaxRows;False;NZW;1.0;1.0;1.0
1;Sum;From;False;NZW;1.0;1.0;1.0
1;Sum;To;False;NZW;1.0;1.0;1.0
1;Sum;MeanColumns;False;NZW;1.0;1.0;1.0
1;Sum;MeanRows;False;NZW;1.0;1.0;1.0
1;Sum;MaxColumns;False;NZW;1.0;1.0;1.0
1;Sum;MaxRows;False;NZW;1.0;1.0;1.0
1;0;From;False;NZW;1.0;1.0;1.0
1;0;To;False;NZW;1.0;1.0;1.0
1;0;MeanColumns;False;NZW;1.0;1.0;1.0
1;0;MeanRows;False;NZW;1.0;1.0;1.0
1;0;MaxColumns;False;NZW;1.0;1.0;1.0
1;0;MaxRows;False;NZW;1.0;1.0;1.0
1;1;From;False;NZW;0.9980938544369578;0.9967752529397202;0.9994124559341951
1;1;To;False;NZW;0.9671500609490697;0.9756342617776758;0.9586658601204637
1;1;MeanColumns;False;NZW;0.9997184684684686;1.0;0.999436936936937
1;1;MeanRows;False;NZW;1.0;1.0;1.0
1;1;MaxColumns;False;NZW;0.9997184684684686;1.0;0.999436936936937
1;1;MaxRows;False;NZW;1.0;1.0;1.0
1;2;From;False;NZW;1.0;1.0;1.0
1;2;To;False;NZW;0.9986435958423661;0.9992874436849842;0.997999747999748
1;2;MeanColumns;False;NZW;1.0;1.0;1.0
1;2;MeanRows;False;NZW;1.0;1.0;1.0
1;2;MaxColumns;False;NZW;1.0;1.0;1.0
1;2;MaxRows;False;NZW;1.0;1.0;1.0
1;3;From;False;NZW;0.321730412484763;0.39670416945327974;0.24675665551624626
1;3;To;False;NZW;0.34759371310687015;0.3777299013553203;0.31745752485841994
1;3;MeanColumns;False;NZW;0.9995113581197436;0.9997157169324877;0.9993069993069994
1;3;MeanRows;False;NZW;1.0;1.0;1.0
1;3;MaxColumns;False;NZW;0.9995432174290337;0.999779435551068;0.9993069993069994
1;3;MaxRows;False;NZW;1.0;1.0;1.0
1;4;From;False;NZW;0.9688982683172789;0.9822597947806806;0.9555367418538773
1;4;To;False;NZW;0.9764519822743238;0.9853000200265443;0.9676039445221033
1;4;MeanColumns;False;NZW;1.0;1.0;1.0
1;4;MeanRows;False;NZW;1.0;1.0;1.0
1;4;MaxColumns;False;NZW;1.0;1.0;1.0
1;4;MaxRows;False;NZW;1.0;1.0;1.0
1;5;From;False;NZW;1.0;1.0;1.0
1;5;To;False;NZW;0.9996477721207796;0.9996420445880595;0.9996534996534997
1;5;MeanColumns;False;NZW;1.0;1.0;1.0
1;5;MeanRows;False;NZW;1.0;1.0;1.0
1;5;MaxColumns;False;NZW;1.0;1.0;1.0
1;5;MaxRows;False;NZW;1.0;1.0;1.0
2;Mean;From;False;NZW;0.9948935782762209;0.9897871565524419;1.0
2;Mean;To;False;NZW;1.0;1.0;1.0
2;Mean;MeanColumns;False;NZW;1.0;1.0;1.0
2;Mean;MeanRows;False;NZW;1.0;1.0;1.0
2;Mean;MaxColumns;False;NZW;1.0;1.0;1.0
2;Mean;MaxRows;False;NZW;1.0;1.0;1.0
2;Sum;From;False;NZW;0.9948935782762209;0.9897871565524419;1.0
2;Sum;To;False;NZW;1.0;1.0;1.0
2;Sum;MeanColumns;False;NZW;1.0;1.0;1.0
2;Sum;MeanRows;False;NZW;1.0;1.0;1.0
2;Sum;MaxColumns;False;NZW;1.0;1.0;1.0
2;Sum;MaxRows;False;NZW;1.0;1.0;1.0
2;0;From;False;NZW;0.9999534363941143;0.9999068727882287;1.0
2;0;To;False;NZW;0.9704652224548618;0.9849252319192164;0.956005212990507
2;0;MeanColumns;False;NZW;1.0;1.0;1.0
2;0;MeanRows;False;NZW;1.0;1.0;1.0
2;0;MaxColumns;False;NZW;1.0;1.0;1.0
2;0;MaxRows;False;NZW;1.0;1.0;1.0
2;1;From;False;NZW;0.5806111532981979;0.7256937358376461;0.43552857075874973
2;1;To;False;NZW;0.9996025437201908;1.0;0.9992050874403815
2;1;MeanColumns;False;NZW;0.9999362813814197;0.9998725627628392;1.0
2;1;MeanRows;False;NZW;1.0;1.0;1.0
2;1;MaxColumns;False;NZW;0.9988565239846219;0.9994175239384258;0.9982955240308181
2;1;MaxRows;False;NZW;1.0;1.0;1.0
2;2;From;False;NZW;0.7685783521261338;0.843233030357366;0.6939236738949015
2;2;To;False;NZW;0.45501156230414097;0.6142412140885198;0.2957819105197621
2;2;MeanColumns;False;NZW;0.9999449702839533;0.9998899405679066;1.0
2;2;MeanRows;False;NZW;1.0;1.0;1.0
2;2;MaxColumns;False;NZW;1.0;1.0;1.0
2;2;MaxRows;False;NZW;1.0;1.0;1.0
2;3;From;False;NZW;0.7726370832940623;0.7657838178202822;0.7794903487678424
2;3;To;False;NZW;0.8711609741777895;0.9262936424775288;0.8160283058780501
2;3;MeanColumns;False;NZW;1.0;1.0;1.0
2;3;MeanRows;False;NZW;1.0;1.0;1.0
2;3;MaxColumns;False;NZW;1.0;1.0;1.0
2;3;MaxRows;False;NZW;1.0;1.0;1.0
2;4;From;False;NZW;0.7904616373002924;0.8285635592293604;0.7523597153712243
2;4;To;False;NZW;0.937662089264996;0.9605577580730346;0.9147664204569573
2;4;MeanColumns;False;NZW;0.9999287850733514;0.9998575701467027;1.0
2;4;MeanRows;False;NZW;1.0;1.0;1.0
2;4;MaxColumns;False;NZW;0.9998132134209616;0.9996264268419232;1.0
2;4;MaxRows;False;NZW;1.0;1.0;1.0
2;5;From;False;NZW;0.6624062154424296;0.7732819998787249;0.5515304310061343
2;5;To;False;NZW;0.8192199055642142;0.8934985333386852;0.7449412777897433
2;5;MeanColumns;False;NZW;0.9970472932573419;0.9995970398112547;0.994497546703429
2;5;MeanRows;False;NZW;1.0;1.0;1.0
2;5;MaxColumns;False;NZW;0.9977057358357142;0.9996066736607483;0.9958047980106802
2;5;MaxRows;False;NZW;1.0;1.0;1.0
3;Mean;From;False;NZW;0.6351235980521641;0.7592957648044313;0.5109514312998968
3;Mean;To;False;NZW;0.9119995046861509;0.94728156275396;0.8767174466183416
3;Mean;MeanColumns;False;NZW;0.9962329549175643;0.9924659098351285;1.0
3;Mean;MeanRows;False;NZW;1.0;1.0;1.0
3;Mean;MaxColumns;False;NZW;0.999629578576947;0.9996056575003943;0.9996534996534997
3;Mean;MaxRows;False;NZW;1.0;1.0;1.0
3;Sum;From;False;NZW;0.6351235980521641;0.7592957648044313;0.5109514312998968
3;Sum;To;False;NZW;0.9119995046861509;0.94728156275396;0.8767174466183416
3;Sum;MeanColumns;False;NZW;0.9962329549175643;0.9924659098351285;1.0
3;Sum;MeanRows;False;NZW;1.0;1.0;1.0
3;Sum;MaxColumns;False;NZW;0.999629578576947;0.9996056575003943;0.9996534996534997
3;Sum;MaxRows;False;NZW;1.0;1.0;1.0
3;0;From;False;NZW;0.6735058553961846;0.7095717325755369;0.6374399782168324
3;0;To;False;NZW;0.7091250038487881;0.8516232239032732;0.566626783794303
3;0;MeanColumns;False;NZW;0.9945786382655044;0.989503776877509;0.9996534996534997
3;0;MeanRows;False;NZW;1.0;1.0;1.0
3;0;MaxColumns;False;NZW;0.9957411751396925;0.9921753509723857;0.9993069993069994
3;0;MaxRows;False;NZW;1.0;1.0;1.0
3;1;From;False;NZW;0.6376661322279843;0.7798366499865689;0.49549561446939966
3;1;To;False;NZW;0.8458478227097525;0.9283459777220111;0.7633496676974938
3;1;MeanColumns;False;NZW;0.946315826072232;0.94900781847907;0.9436238336653938
3;1;MeanRows;False;NZW;1.0;1.0;1.0
3;1;MaxColumns;False;NZW;0.9309387865302738;0.9629786432632805;0.8988989297972673
3;1;MaxRows;False;NZW;1.0;1.0;1.0
3;2;From;False;NZW;0.5970332937124144;0.7132652623779796;0.48080132504684925
3;2;To;False;NZW;0.7859326877207464;0.9011331604317842;0.6707322150097087
3;2;MeanColumns;False;NZW;0.950249511188995;0.9409855636317946;0.9595134587461953
3;2;MeanRows;False;NZW;1.0;1.0;1.0
3;2;MaxColumns;False;NZW;0.9308745405297147;0.9626499791789978;0.8990991018804319
3;2;MaxRows;False;NZW;1.0;1.0;1.0
3;3;From;False;NZW;0.4230258156742366;0.5677332127487246;0.27831841859974854
3;3;To;False;NZW;0.7404565772756724;0.868929730755261;0.6119834237960836
3;3;MeanColumns;False;NZW;0.9129164579859594;0.9299204374187751;0.8959124785531437
3;3;MeanRows;False;NZW;1.0;1.0;1.0
3;3;MaxColumns;False;NZW;0.9167482406613876;0.95422240524563;0.8792740760771451
3;3;MaxRows;False;NZW;1.0;1.0;1.0
3;4;From;False;NZW;0.45866917583320294;0.658966501814377;0.2583718498520289
3;4;To;False;NZW;0.8086003786439802;0.8836336817132122;0.7335670755747482
3;4;MeanColumns;False;NZW;0.9837460109388285;0.9840901719476741;0.9834018499299828
3;4;MeanRows;False;NZW;1.0;1.0;1.0
3;4;MaxColumns;False;NZW;0.9818065746586758;0.9876933490689069;0.9759198002484447
3;4;MaxRows;False;NZW;1.0;1.0;1.0
3;5;From;False;NZW;0.6584673871976023;0.5496680766297858;0.767266697765419
3;5;To;False;NZW;0.9895537663985206;0.9972021387912635;0.9819053940057775
3;5;MeanColumns;False;NZW;0.9838496529784443;0.9700005202146247;0.9976987857422639
3;5;MeanRows;False;NZW;1.0;1.0;1.0
3;5;MaxColumns;False;NZW;0.9773132623030565;0.9825537119322771;0.9720728126738357
3;5;MaxRows;False;NZW;1.0;1.0;1.0
4;Mean;From;False;NZW;0.5062239798120343;0.528443322822117;0.4840046368019514
4;Mean;To;False;NZW;0.9912815287408123;0.9880999735044743;0.9944630839771504
4;Mean;MeanColumns;False;NZW;0.9652770980337442;0.9481260775779888;0.9824281184894996
4;Mean;MeanRows;False;NZW;1.0;1.0;1.0
4;Mean;MaxColumns;False;NZW;0.9986176282856832;0.9972352565713665;1.0
4;Mean;MaxRows;False;NZW;1.0;1.0;1.0
4;Sum;From;False;NZW;0.5062239798120343;0.528443322822117;0.4840046368019514
4;Sum;To;False;NZW;0.9912815287408123;0.9880999735044743;0.9944630839771504
4;Sum;MeanColumns;False;NZW;0.9652770980337442;0.9481260775779888;0.9824281184894996
4;Sum;MeanRows;False;NZW;1.0;1.0;1.0
4;Sum;MaxColumns;False;NZW;0.9986176282856832;0.9972352565713665;1.0
4;Sum;MaxRows;False;NZW;1.0;1.0;1.0
4;0;From;False;NZW;0.3789464295272289;0.44424266413827823;0.3136501949161795
4;0;To;False;NZW;0.8682762764720129;0.8116676117387521;0.9248849412052735
4;0;MeanColumns;False;NZW;0.8948259857543337;0.8058293611355455;0.983822610373122
4;0;MeanRows;False;NZW;1.0;1.0;1.0
4;0;MaxColumns;False;NZW;0.9875750346622039;0.9774180715924101;0.9977319977319976
4;0;MaxRows;False;NZW;1.0;1.0;1.0
4;1;From;False;NZW;0.3607305339583646;0.5295555499881933;0.1919055179285358
4;1;To;False;NZW;0.9540584410871413;0.9897170064534352;0.9183998757208475
4;1;MeanColumns;False;NZW;0.821257680504424;0.8559241432475536;0.7865912177612945
4;1;MeanRows;False;NZW;1.0;1.0;1.0
4;1;MaxColumns;False;NZW;0.9868130314538992;0.9739725632542988;0.9996534996534997
4;1;MaxRows;False;NZW;1.0;1.0;1.0
4;2;From;False;NZW;0.36636185244168007;0.5345083986597419;0.19821530622361822
4;2;To;False;NZW;0.9545626116230552;0.9373140325090887;0.9718111907370218
4;2;MeanColumns;False;NZW;0.5746469290643714;0.6531376504316144;0.4961562076971284
4;2;MeanRows;False;NZW;1.0;1.0;1.0
4;2;MaxColumns;False;NZW;0.9192773430780756;0.8577018350027884;0.9808528511533627
4;2;MaxRows;False;NZW;1.0;1.0;1.0
4;3;From;False;NZW;0.410450619800952;0.6210783122853706;0.19982292731653342
4;3;To;False;NZW;0.8912671886433989;0.8585547099567472;0.9239796673300508
4;3;MeanColumns;False;NZW;0.4685152694651471;0.6451089897357272;0.29192154919456703
4;3;MeanRows;False;NZW;1.0;1.0;1.0
4;3;MaxColumns;False;NZW;0.7459384581857804;0.9440299253979716;0.5478469909735894
4;3;MaxRows;False;NZW;1.0;1.0;1.0
4;4;From;False;NZW;0.5423770008194622;0.5184838982524524;0.5662701033864718
4;4;To;False;NZW;0.8644991868018697;0.7976566883138444;0.931341685289895
4;4;MeanColumns;False;NZW;0.884462291009684;0.78742259015932;0.981501991860048
4;4;MeanRows;False;NZW;1.0;1.0;1.0
4;4;MaxColumns;False;NZW;0.9387119237520816;0.877423847504163;1.0
4;4;MaxRows;False;NZW;1.0;1.0;1.0
4;5;From;False;NZW;0.6606347830681008;0.5599325602659474;0.761337005870254
4;5;To;False;NZW;0.6864559626390951;0.7643564699676197;0.6085554553105704
4;5;MeanColumns;False;NZW;0.8796440513098682;0.9062483067570507;0.8530397958626859
4;5;MeanRows;False;NZW;1.0;1.0;1.0
4;5;MaxColumns;False;NZW;0.9930545311718749;0.9877361074490558;0.998372954894694
4;5;MaxRows;False;NZW;1.0;1.0;1.0
5;Mean;From;False;NZW;0.9619117762404252;0.9263573362646342;0.9974662162162162
5;Mean;To;False;NZW;1.0;1.0;1.0
5;Mean;MeanColumns;False;NZW;0.9993732281912717;0.9987464563825436;1.0
5;Mean;MeanRows;False;NZW;1.0;1.0;1.0
5;Mean;MaxColumns;False;NZW;1.0;1.0;1.0
5;Mean;MaxRows;False;NZW;1.0;1.0;1.0
5;Sum;From;False;NZW;0.9619117762404252;0.9263573362646342;0.9974662162162162
5;Sum;To;False;NZW;1.0;1.0;1.0
5;Sum;MeanColumns;False;NZW;0.9993732281912717;0.9987464563825436;1.0
5;Sum;MeanRows;False;NZW;1.0;1.0;1.0
5;Sum;MaxColumns;False;NZW;1.0;1.0;1.0
5;Sum;MaxRows;False;NZW;1.0;1.0;1.0
5;0;From;False;NZW;0.9173662199451951;0.9867276724003284;0.8480047674900616
5;0;To;False;NZW;0.939591133126153;0.9973792906993306;0.8818029755529756
5;0;MeanColumns;False;NZW;0.9695704298884122;0.9785336179195829;0.9606072418572417
5;0;MeanRows;False;NZW;1.0;1.0;1.0
5;0;MaxColumns;False;NZW;0.9999287850733514;0.9998575701467027;1.0
5;0;MaxRows;False;NZW;1.0;1.0;1.0
5;1;From;False;NZW;0.8079354083896342;0.7818778629653429;0.8339929538139256
5;1;To;False;NZW;0.9700273902415324;0.991986519914804;0.9480682605682607
5;1;MeanColumns;False;NZW;0.9766387120642908;0.9747604456116029;0.9785169785169785
5;1;MeanRows;False;NZW;1.0;1.0;1.0
5;1;MaxColumns;False;NZW;0.9972188234733725;0.9944376469467452;1.0
5;1;MaxRows;False;NZW;1.0;1.0;1.0
5;2;From;False;NZW;0.9059533405655569;0.8186634378878704;0.9932432432432432
5;2;To;False;NZW;0.9718343069924762;0.9504253707417093;0.9932432432432432
5;2;MeanColumns;False;NZW;1.0;1.0;1.0
5;2;MeanRows;False;NZW;1.0;1.0;1.0
5;2;MaxColumns;False;NZW;1.0;1.0;1.0
5;2;MaxRows;False;NZW;1.0;1.0;1.0
5;3;From;False;NZW;0.8771185071079717;0.772862125855761;0.9813748883601824
5;3;To;False;NZW;0.9964884029045482;0.9955105895928801;0.9974662162162162
5;3;MeanColumns;False;NZW;1.0;1.0;1.0
5;3;MeanRows;False;NZW;1.0;1.0;1.0
5;3;MaxColumns;False;NZW;0.9986725754204568;0.9998789346246973;0.9974662162162162
5;3;MaxRows;False;NZW;1.0;1.0;1.0
5;4;From;False;NZW;0.9047242466851442;0.8160175624393575;0.9934309309309309
5;4;To;False;NZW;0.998028147022052;0.996056294044104;1.0
5;4;MeanColumns;False;NZW;0.9651957459306619;0.9303914918613239;1.0
5;4;MeanRows;False;NZW;1.0;1.0;1.0
5;4;MaxColumns;False;NZW;1.0;1.0;1.0
5;4;MaxRows;False;NZW;1.0;1.0;1.0
5;5;From;False;NZW;0.825908689579754;0.779578818813531;0.8722385603459772
5;5;To;False;NZW;0.9865500495311647;0.9942236264358567;0.9788764726264726
5;5;MeanColumns;False;NZW;0.9828709518168343;0.986908998330175;0.9788329053034935
5;5;MeanRows;False;NZW;1.0;1.0;1.0
5;5;MaxColumns;False;NZW;0.9986372083229935;0.9972744166459871;1.0
5;5;MaxRows;False;NZW;1.0;1.0;1.0
Mean;;;True;NZW;0.9878358616652599;0.9943399200677703;0.9813318032627496
Multi;;;True;NZW;0.9211239909026744;0.8815341096464638;0.9607138721588849
Sum;;;True;NZW;0.9878358616652599;0.9943399200677703;0.9813318032627496