Mean;Mean;From;False;NZW;1.0;1.0;1.0
Mean;Mean;To;False;NZW;1.0;1.0;1.0
Mean;Mean;MeanColumns;False;NZW;1.0;1.0;1.0
Mean;Mean;MeanRows;False;NZW;1.0;1.0;1.0
Mean;Mean;MaxColumns;False;NZW;1.0;1.0;1.0
Mean;Mean;MaxRows;False;NZW;1.0;1.0;1.0
Mean;Sum;From;False;NZW;1.0;1.0;1.0
Mean;Sum;To;False;NZW;1.0;1.0;1.0
Mean;Sum;MeanColumns;False;NZW;1.0;1.0;1.0
Mean;Sum;MeanRows;False;NZW;1.0;1.0;1.0
Mean;Sum;MaxColumns;False;NZW;1.0;1.0;1.0
Mean;Sum;MaxRows;False;NZW;1.0;1.0;1.0
Mean;0;To;False;NZW;1.0;1.0;1.0
Mean;0;MeanColumns;False;NZW;1.0;1.0;1.0
Mean;0;MeanRows;False;NZW;1.0;1.0;1.0
Mean;0;MaxColumns;False;NZW;1.0;1.0;1.0
Mean;0;MaxRows;False;NZW;1.0;1.0;1.0
Mean;1;From;False;NZW;1.0;1.0;1.0
Mean;1;To;False;NZW;1.0;1.0;1.0
Mean;1;MeanColumns;False;NZW;1.0;1.0;1.0
Mean;1;MeanRows;False;NZW;1.0;1.0;1.0
Mean;1;MaxColumns;False;NZW;1.0;1.0;1.0
Mean;1;MaxRows;False;NZW;1.0;1.0;1.0
Mean;2;From;False;NZW;1.0;1.0;1.0
Mean;2;To;False;NZW;1.0;1.0;1.0
Mean;2;MeanColumns;False;NZW;1.0;1.0;1.0
Mean;2;MeanRows;False;NZW;1.0;1.0;1.0
Mean;2;MaxColumns;False;NZW;1.0;1.0;1.0
Mean;2;MaxRows;False;NZW;1.0;1.0;1.0
Mean;3;To;False;NZW;1.0;1.0;1.0
Mean;3;MeanColumns;False;NZW;1.0;1.0;1.0
Mean;3;MeanRows;False;NZW;1.0;1.0;1.0
Mean;3;MaxColumns;False;NZW;1.0;1.0;1.0
Mean;3;MaxRows;False;NZW;1.0;1.0;1.0
Mean;4;From;False;NZW;1.0;1.0;1.0
Mean;4;To;False;NZW;1.0;1.0;1.0
Mean;4;MeanColumns;False;NZW;1.0;1.0;1.0
Mean;4;MeanRows;False;NZW;1.0;1.0;1.0
Mean;4;MaxColumns;False;NZW;1.0;1.0;1.0
Mean;4;MaxRows;False;NZW;1.0;1.0;1.0
Mean;5;To;False;NZW;1.0;1.0;1.0
Mean;5;MeanColumns;False;NZW;1.0;1.0;1.0
Mean;5;MeanRows;False;NZW;1.0;1.0;1.0
Mean;5;MaxColumns;False;NZW;1.0;1.0;1.0
Mean;5;MaxRows;False;NZW;1.0;1.0;1.0
Multi;Mean;From;False;NZW;1.0;1.0;1.0
Multi;Mean;To;False;NZW;1.0;1.0;1.0
Multi;Mean;MeanColumns;False;NZW;1.0;1.0;1.0
Multi;Mean;MeanRows;False;NZW;1.0;1.0;1.0
Multi;Mean;MaxColumns;False;NZW;1.0;1.0;1.0
Multi;Mean;MaxRows;False;NZW;1.0;1.0;1.0
Multi;Sum;From;False;NZW;1.0;1.0;1.0
Multi;Sum;To;False;NZW;1.0;1.0;1.0
Multi;Sum;MeanColumns;False;NZW;1.0;1.0;1.0
Multi;Sum;MeanRows;False;NZW;1.0;1.0;1.0
Multi;Sum;MaxColumns;False;NZW;1.0;1.0;1.0
Multi;Sum;MaxRows;False;NZW;1.0;1.0;1.0
Multi;0;From;False;NZW;1.0;1.0;1.0
Multi;0;To;False;NZW;1.0;1.0;1.0
Multi;0;MeanColumns;False;NZW;1.0;1.0;1.0
Multi;0;MeanRows;False;NZW;1.0;1.0;1.0
Multi;0;MaxColumns;False;NZW;1.0;1.0;1.0
Multi;0;MaxRows;False;NZW;1.0;1.0;1.0
Multi;1;From;False;NZW;1.0;1.0;1.0
Multi;1;To;False;NZW;1.0;1.0;1.0
Multi;1;MeanColumns;False;NZW;1.0;1.0;1.0
Multi;1;MeanRows;False;NZW;1.0;1.0;1.0
Multi;1;MaxColumns;False;NZW;1.0;1.0;1.0
Multi;1;MaxRows;False;NZW;1.0;1.0;1.0
Multi;2;To;False;NZW;1.0;1.0;1.0
Multi;2;MeanRows;False;NZW;1.0;1.0;1.0
Multi;2;MaxRows;False;NZW;1.0;1.0;1.0
Multi;3;To;False;NZW;1.0;1.0;1.0
Multi;3;MeanRows;False;NZW;1.0;1.0;1.0
Multi;3;MaxRows;False;NZW;1.0;1.0;1.0
Multi;4;From;False;NZW;1.0;1.0;1.0
Multi;4;To;False;NZW;1.0;1.0;1.0
Multi;4;MeanColumns;False;NZW;1.0;1.0;1.0
Multi;4;MeanRows;False;NZW;1.0;1.0;1.0
Multi;4;MaxColumns;False;NZW;1.0;1.0;1.0
Multi;4;MaxRows;False;NZW;1.0;1.0;1.0
Multi;5;To;False;NZW;1.0;1.0;1.0
Multi;5;MeanRows;False;NZW;1.0;1.0;1.0
Multi;5;MaxRows;False;NZW;1.0;1.0;1.0
Sum;Mean;From;False;NZW;1.0;1.0;1.0
Sum;Mean;To;False;NZW;1.0;1.0;1.0
Sum;Mean;MeanColumns;False;NZW;1.0;1.0;1.0
Sum;Mean;MeanRows;False;NZW;1.0;1.0;1.0
Sum;Mean;MaxColumns;False;NZW;1.0;1.0;1.0
Sum;Mean;MaxRows;False;NZW;1.0;1.0;1.0
Sum;Sum;From;False;NZW;1.0;1.0;1.0
Sum;Sum;To;False;NZW;1.0;1.0;1.0
Sum;Sum;MeanColumns;False;NZW;1.0;1.0;1.0
Sum;Sum;MeanRows;False;NZW;1.0;1.0;1.0
Sum;Sum;MaxColumns;False;NZW;1.0;1.0;1.0
Sum;Sum;MaxRows;False;NZW;1.0;1.0;1.0
Sum;0;To;False;NZW;1.0;1.0;1.0
Sum;0;MeanColumns;False;NZW;1.0;1.0;1.0
Sum;0;MeanRows;False;NZW;1.0;1.0;1.0
Sum;0;MaxColumns;False;NZW;1.0;1.0;1.0
Sum;0;MaxRows;False;NZW;1.0;1.0;1.0
Sum;1;From;False;NZW;1.0;1.0;1.0
Sum;1;To;False;NZW;1.0;1.0;1.0
Sum;1;MeanColumns;False;NZW;1.0;1.0;1.0
Sum;1;MeanRows;False;NZW;1.0;1.0;1.0
Sum;1;MaxColumns;False;NZW;1.0;1.0;1.0
Sum;1;MaxRows;False;NZW;1.0;1.0;1.0
Sum;2;From;False;NZW;1.0;1.0;1.0
Sum;2;To;False;NZW;1.0;1.0;1.0
Sum;2;MeanColumns;False;NZW;1.0;1.0;1.0
Sum;2;MeanRows;False;NZW;1.0;1.0;1.0
Sum;2;MaxColumns;False;NZW;1.0;1.0;1.0
Sum;2;MaxRows;False;NZW;1.0;1.0;1.0
Sum;3;To;False;NZW;1.0;1.0;1.0
Sum;3;MeanColumns;False;NZW;1.0;1.0;1.0
Sum;3;MeanRows;False;NZW;1.0;1.0;1.0
Sum;3;MaxColumns;False;NZW;1.0;1.0;1.0
Sum;3;MaxRows;False;NZW;1.0;1.0;1.0
Sum;4;From;False;NZW;1.0;1.0;1.0
Sum;4;To;False;NZW;1.0;1.0;1.0
Sum;4;MeanColumns;False;NZW;1.0;1.0;1.0
Sum;4;MeanRows;False;NZW;1.0;1.0;1.0
Sum;4;MaxColumns;False;NZW;1.0;1.0;1.0
Sum;4;MaxRows;False;NZW;1.0;1.0;1.0
Sum;5;To;False;NZW;1.0;1.0;1.0
Sum;5;MeanColumns;False;NZW;1.0;1.0;1.0
Sum;5;MeanRows;False;NZW;1.0;1.0;1.0
Sum;5;MaxColumns;False;NZW;1.0;1.0;1.0
Sum;5;MaxRows;False;NZW;1.0;1.0;1.0
0;Mean;From;False;NZW;1.0;1.0;1.0
0;Mean;To;False;NZW;1.0;1.0;1.0
0;Mean;MeanColumns;False;NZW;1.0;1.0;1.0
0;Mean;MeanRows;False;NZW;1.0;1.0;1.0
0;Mean;MaxColumns;False;NZW;1.0;1.0;1.0
0;Mean;MaxRows;False;NZW;1.0;1.0;1.0
0;Sum;From;False;NZW;1.0;1.0;1.0
0;Sum;To;False;NZW;1.0;1.0;1.0
0;Sum;MeanColumns;False;NZW;1.0;1.0;1.0
0;Sum;MeanRows;False;NZW;1.0;1.0;1.0
0;Sum;MaxColumns;False;NZW;1.0;1.0;1.0
0;Sum;MaxRows;False;NZW;1.0;1.0;1.0
0;0;From;False;NZW;1.0;1.0;1.0
0;0;MeanColumns;False;NZW;1.0;1.0;1.0
0;0;MeanRows;False;NZW;1.0;1.0;1.0
0;0;MaxColumns;False;NZW;1.0;1.0;1.0
0;0;MaxRows;False;NZW;1.0;1.0;1.0
0;1;MeanColumns;False;NZW;1.0;1.0;1.0
0;1;MeanRows;False;NZW;1.0;1.0;1.0
0;1;MaxColumns;False;NZW;1.0;1.0;1.0
0;1;MaxRows;False;NZW;1.0;1.0;1.0
0;2;MeanRows;False;NZW;1.0;1.0;1.0
0;2;MaxRows;False;NZW;1.0;1.0;1.0
0;3;From;False;NZW;1.0;1.0;1.0
0;3;MeanColumns;False;NZW;1.0;1.0;1.0
0;3;MeanRows;False;NZW;1.0;1.0;1.0
0;3;MaxColumns;False;NZW;1.0;1.0;1.0
0;3;MaxRows;False;NZW;1.0;1.0;1.0
0;4;From;False;NZW;1.0;1.0;1.0
0;4;To;False;NZW;1.0;1.0;1.0
0;4;MeanColumns;False;NZW;1.0;1.0;1.0
0;4;MeanRows;False;NZW;1.0;1.0;1.0
0;4;MaxColumns;False;NZW;1.0;1.0;1.0
0;4;MaxRows;False;NZW;1.0;1.0;1.0
0;5;MeanColumns;False;NZW;1.0;1.0;1.0
0;5;MeanRows;False;NZW;1.0;1.0;1.0
0;5;MaxRows;False;NZW;1.0;1.0;1.0
1;Mean;From;False;NZW;1.0;1.0;1.0
1;Mean;To;False;NZW;1.0;1.0;1.0
1;Mean;MeanColumns;False;NZW;1.0;1.0;1.0
1;Mean;MeanRows;False;NZW;1.0;1.0;1.0
1;Mean;MaxColumns;False;NZW;1.0;1.0;1.0
1;Mean;MaxRows;False;NZW;1.0;1.0;1.0
1;Sum;From;False;NZW;1.0;1.0;1.0
1;Sum;To;False;NZW;1.0;1.0;1.0
1;Sum;MeanColumns;False;NZW;1.0;1.0;1.0
1;Sum;MeanRows;False;NZW;1.0;1.0;1.0
1;Sum;MaxColumns;False;NZW;1.0;1.0;1.0
1;Sum;MaxRows;False;NZW;1.0;1.0;1.0
1;0;MeanRows;False;NZW;1.0;1.0;1.0
1;0;MaxRows;False;NZW;1.0;1.0;1.0
1;1;From;False;NZW;1.0;1.0;1.0
1;1;MeanRows;False;NZW;1.0;1.0;1.0
1;1;MaxRows;False;NZW;1.0;1.0;1.0
1;2;From;False;NZW;1.0;1.0;1.0
1;2;MeanRows;False;NZW;1.0;1.0;1.0
1;2;MaxRows;False;NZW;1.0;1.0;1.0
1;3;MeanRows;False;NZW;1.0;1.0;1.0
1;3;MaxRows;False;NZW;1.0;1.0;1.0
1;4;MeanColumns;False;NZW;1.0;1.0;1.0
1;4;MeanRows;False;NZW;1.0;1.0;1.0
1;4;MaxColumns;False;NZW;1.0;1.0;1.0
1;4;MaxRows;False;NZW;1.0;1.0;1.0
1;5;From;False;NZW;1.0;1.0;1.0
1;5;MeanColumns;False;NZW;1.0;1.0;1.0
1;5;MeanRows;False;NZW;1.0;1.0;1.0
1;5;MaxRows;False;NZW;1.0;1.0;1.0
2;Mean;MeanRows;False;NZW;1.0;1.0;1.0
2;Mean;MaxRows;False;NZW;1.0;1.0;1.0
2;Sum;MeanRows;False;NZW;1.0;1.0;1.0
2;Sum;MaxRows;False;NZW;1.0;1.0;1.0
2;0;MeanRows;False;NZW;1.0;1.0;1.0
2;0;MaxRows;False;NZW;1.0;1.0;1.0
2;1;MeanRows;False;NZW;1.0;1.0;1.0
2;1;MaxRows;False;NZW;1.0;1.0;1.0
2;2;MeanRows;False;NZW;1.0;1.0;1.0
2;2;MaxRows;False;NZW;1.0;1.0;1.0
2;3;MeanRows;False;NZW;1.0;1.0;1.0
2;3;MaxRows;False;NZW;1.0;1.0;1.0
2;4;MeanRows;False;NZW;1.0;1.0;1.0
2;4;MaxRows;False;NZW;1.0;1.0;1.0
2;5;MeanRows;False;NZW;1.0;1.0;1.0
2;5;MaxRows;False;NZW;1.0;1.0;1.0
3;Mean;To;False;NZW;1.0;1.0;1.0
3;Mean;MeanRows;False;NZW;1.0;1.0;1.0
3;Mean;MaxColumns;False;NZW;1.0;1.0;1.0
3;Mean;MaxRows;False;NZW;1.0;1.0;1.0
3;Sum;To;False;NZW;1.0;1.0;1.0
3;Sum;MeanRows;False;NZW;1.0;1.0;1.0
3;Sum;MaxColumns;False;NZW;1.0;1.0;1.0
3;Sum;MaxRows;False;NZW;1.0;1.0;1.0
3;0;MeanRows;False;NZW;1.0;1.0;1.0
3;0;MaxRows;False;NZW;1.0;1.0;1.0
3;1;MeanRows;False;NZW;1.0;1.0;1.0
3;1;MaxRows;False;NZW;1.0;1.0;1.0
3;2;MeanRows;False;NZW;1.0;1.0;1.0
3;2;MaxRows;False;NZW;1.0;1.0;1.0
3;3;MeanRows;False;NZW;1.0;1.0;1.0
3;3;MaxRows;False;NZW;1.0;1.0;1.0
3;4;MeanRows;False;NZW;1.0;1.0;1.0
3;4;MaxRows;False;NZW;1.0;1.0;1.0
3;5;MeanRows;False;NZW;1.0;1.0;1.0
3;5;MaxRows;False;NZW;1.0;1.0;1.0
4;Mean;To;False;NZW;1.0;1.0;1.0
4;Mean;MeanRows;False;NZW;1.0;1.0;1.0
4;Mean;MaxRows;False;NZW;1.0;1.0;1.0
4;Sum;To;False;NZW;1.0;1.0;1.0
4;Sum;MeanRows;False;NZW;1.0;1.0;1.0
4;Sum;MaxRows;False;NZW;1.0;1.0;1.0
4;0;MeanRows;False;NZW;1.0;1.0;1.0
4;0;MaxRows;False;NZW;1.0;1.0;1.0
4;1;MeanRows;False;NZW;1.0;1.0;1.0
4;1;MaxRows;False;NZW;1.0;1.0;1.0
4;2;MeanRows;False;NZW;1.0;1.0;1.0
4;2;MaxRows;False;NZW;1.0;1.0;1.0
4;3;MeanRows;False;NZW;1.0;1.0;1.0
4;3;MaxRows;False;NZW;1.0;1.0;1.0
4;4;MeanRows;False;NZW;1.0;1.0;1.0
4;4;MaxRows;False;NZW;1.0;1.0;1.0
4;5;MeanRows;False;NZW;1.0;1.0;1.0
4;5;MaxRows;False;NZW;1.0;1.0;1.0
5;Mean;MeanRows;False;NZW;1.0;1.0;1.0
5;Mean;MaxRows;False;NZW;1.0;1.0;1.0
5;Sum;MeanRows;False;NZW;1.0;1.0;1.0
5;Sum;MaxRows;False;NZW;1.0;1.0;1.0
5;0;MeanRows;False;NZW;1.0;1.0;1.0
5;0;MaxRows;False;NZW;1.0;1.0;1.0
5;1;To;False;NZW;1.0;1.0;1.0
5;1;MeanRows;False;NZW;1.0;1.0;1.0
5;1;MaxRows;False;NZW;1.0;1.0;1.0
5;2;MeanRows;False;NZW;1.0;1.0;1.0
5;2;MaxRows;False;NZW;1.0;1.0;1.0
5;3;MeanRows;False;NZW;1.0;1.0;1.0
5;3;MaxRows;False;NZW;1.0;1.0;1.0
5;4;MeanRows;False;NZW;1.0;1.0;1.0
5;4;MaxRows;False;NZW;1.0;1.0;1.0
5;5;MeanRows;False;NZW;1.0;1.0;1.0
5;5;MaxRows;False;NZW;1.0;1.0;1.0
0;0;To;False;NZW;0.99999401856637;0.99998803713274;1.0
Mean;5;From;False;NZW;0.9999925719039695;1.0;0.9999851438079391
Sum;5;From;False;NZW;0.9999925719039695;1.0;0.9999851438079391
1;5;MaxColumns;False;NZW;0.9999907715023995;0.9999815430047988;1.0
1;3;MaxColumns;False;NZW;0.9999864476608663;0.9999728953217326;1.0
1;3;MeanColumns;False;NZW;0.9999825288754012;0.9999650577508024;1.0
4;1;To;False;NZW;0.9999706365985437;0.9999412731970873;1.0
4;4;To;False;NZW;0.9999706365985437;0.9999412731970873;1.0
1;2;MeanColumns;False;NZW;0.9999555116191862;1.0;0.9999110232383723
1;4;From;False;NZW;0.99995174531522;0.9999368345281765;0.9999666561022635
Mean;0;From;False;NZW;0.9999472321417529;0.9999884643779993;0.9999059999055064
Sum;0;From;False;NZW;0.9999472321417529;0.9999884643779993;0.9999059999055064
0;2;From;False;NZW;0.9999451585875289;0.9999469798812409;0.9999433372938168
3;Mean;MeanColumns;False;NZW;0.9999407047129808;0.9999510279166328;0.9999303815093288
3;Sum;MeanColumns;False;NZW;0.9999407047129808;0.9999510279166328;0.9999303815093288
1;2;MaxColumns;False;NZW;0.9999370804974363;1.0;0.9998741609948727
0;5;MaxColumns;False;NZW;0.9999305595604222;0.9998611191208443;1.0
Mean;3;From;False;NZW;0.9999252931209565;0.9998976957076466;0.9999528905342663
Sum;3;From;False;NZW;0.9999252931209565;0.9998976957076466;0.9999528905342663
4;Mean;MaxColumns;False;NZW;0.99991107650986;1.0;0.99982215301972
4;Sum;MaxColumns;False;NZW;0.99991107650986;1.0;0.99982215301972
Multi;3;From;False;NZW;0.9998630554441529;0.9999559548978153;0.9997701559904905
Multi;3;MeanColumns;False;NZW;0.9998630554441529;0.9999559548978153;0.9997701559904905
Multi;3;MaxColumns;False;NZW;0.9998630554441529;0.9999559548978153;0.9997701559904905
2;Mean;To;False;NZW;0.9998283112452303;1.0;0.9996566224904606
2;Sum;To;False;NZW;0.9998283112452303;1.0;0.9996566224904606
2;Mean;MaxColumns;False;NZW;0.9998149629158354;0.9998862940033642;0.9997436318283066
2;Sum;MaxColumns;False;NZW;0.9998149629158354;0.9998862940033642;0.9997436318283066
3;1;To;False;NZW;0.9997418078498592;0.9997749370559037;0.9997086786438146
0;1;From;False;NZW;0.9997069263273756;0.9994485171028932;0.999965335551858
5;Mean;To;False;NZW;0.9997063659854357;0.9994127319708714;1.0
5;Sum;To;False;NZW;0.9997063659854357;0.9994127319708714;1.0
5;3;To;False;NZW;0.9997063659854357;0.9994127319708714;1.0
5;4;To;False;NZW;0.9997063659854357;0.9994127319708714;1.0
5;5;To;False;NZW;0.9997063659854357;0.9994127319708714;1.0
1;1;MeanColumns;False;NZW;0.9995435990092305;0.9997211875250478;0.9993660104934131
5;2;To;False;NZW;0.9993549339316325;0.9994127319708714;0.9992971358923938
3;1;MaxColumns;False;NZW;0.999330598265759;0.999040614836511;0.9996205816950069
4;Mean;MeanColumns;False;NZW;0.9991071393333932;0.9999443041545814;0.998269974512205
4;Sum;MeanColumns;False;NZW;0.9991071393333932;0.9999443041545814;0.998269974512205
1;3;To;False;NZW;0.9990628255999738;0.9992659813142787;0.998859669885669
1;1;MaxColumns;False;NZW;0.9989061173829304;0.9991512650658573;0.9986609697000036
5;2;MaxColumns;False;NZW;0.9986872450708273;0.9974887877763321;0.9998857023653225
3;3;To;False;NZW;0.9984794141465729;0.9986855677653912;0.9982732605277547
5;0;To;False;NZW;0.9984584458523242;0.9994127319708714;0.997504159733777
5;Mean;MaxColumns;False;NZW;0.9978627943790337;0.998021795312247;0.9977037934458203
5;Sum;MaxColumns;False;NZW;0.9978627943790337;0.998021795312247;0.9977037934458203
4;Mean;From;False;NZW;0.9976283586783351;0.9989760216679452;0.996280695688725
4;Sum;From;False;NZW;0.9976283586783351;0.9989760216679452;0.996280695688725
5;2;MeanColumns;False;NZW;0.9974224429514247;0.995476464648303;0.9993684212545463
3;3;MaxColumns;False;NZW;0.9969088977854201;0.9964603187364883;0.997357476834352
3;0;MaxColumns;False;NZW;0.9965591648449874;0.9933807401824979;0.9997375895074769
4;0;To;False;NZW;0.9962505772932715;0.999664337881356;0.9928368167051871
5;Mean;MeanColumns;False;NZW;0.9960933379088571;0.9968721998446085;0.9953144759731057
5;Sum;MeanColumns;False;NZW;0.9960933379088571;0.9968721998446085;0.9953144759731057
Mean;;;True;NZW;0.9960900999041333;0.9997971481998443;0.9923830516084224
Sum;;;True;NZW;0.9960900999041333;0.9997971481998443;0.9923830516084224
5;2;From;False;NZW;0.9960176859266574;0.9942654199947825;0.9977699518585322
5;Mean;From;False;NZW;0.9959420221723185;0.9958047009436174;0.9960793434010196
5;Sum;From;False;NZW;0.9959420221723185;0.9958047009436174;0.9960793434010196
0;2;MeanColumns;False;NZW;0.9955745049330549;0.9938115249431412;0.9973374849229685
3;2;MaxColumns;False;NZW;0.9951825151744995;0.9995252490586947;0.9908397812903044
5;1;MaxColumns;False;NZW;0.9948183553913479;0.9984918982795781;0.9911448125031178
3;0;To;False;NZW;0.9939147704275075;0.9926768956078208;0.9951526452471943
1;5;To;False;NZW;0.9939028902474133;0.9913493270342136;0.996456453460613
4;2;MaxColumns;False;NZW;0.9938976335865477;0.992642894409416;0.9951523727636795
5;1;MeanColumns;False;NZW;0.9933035953484192;0.9967677252014455;0.9898394654953928
4;1;MaxColumns;False;NZW;0.9932786351169955;0.9889459324264853;0.9976113378075058
3;1;MeanColumns;False;NZW;0.9928378786025585;0.987049155970993;0.998626601234124
5;1;From;False;NZW;0.9926432769574001;0.9957600838706996;0.9895264700441005
3;5;To;False;NZW;0.9925844265117787;0.9977109956813064;0.9874578573422511
5;3;MaxColumns;False;NZW;0.9923294905572706;0.9935412901074057;0.9911176910071354
5;3;MeanColumns;False;NZW;0.9913417946788309;0.9927179406475725;0.9899656487100893
5;3;From;False;NZW;0.9910262738833691;0.9915807578009483;0.9904717899657897
0;2;MaxColumns;False;NZW;0.9909070009237574;0.987487735136523;0.9943262667109918
5;5;MaxColumns;False;NZW;0.9908007063755733;0.9921929567588185;0.9894084559923282
3;2;To;False;NZW;0.9900061380126053;0.9865855020402591;0.9934267739849515
3;3;MeanColumns;False;NZW;0.98977260830905;0.9865437437160272;0.9930014729020729
4;4;MaxColumns;False;NZW;0.9897288138288285;0.9997192499134576;0.9797383777441994
4;3;To;False;NZW;0.9894016344303893;0.9999455819570835;0.9788576869036951
1;3;From;False;NZW;0.9891898650808881;0.9979210146637292;0.9804587154980471
5;5;MeanColumns;False;NZW;0.9891801860234153;0.9898877607280369;0.9884726113187937
1;2;To;False;NZW;0.9889864520893945;0.9861625659485868;0.9918103382302021
1;4;To;False;NZW;0.9880907074117751;0.9935963969067763;0.982585017916774
5;4;MaxColumns;False;NZW;0.9874370335805416;0.9842974636977254;0.9905766034633577
5;5;From;False;NZW;0.9872242391139172;0.9854564826696312;0.9889919955582034
3;Mean;From;False;NZW;0.9858319601964857;0.9865571199071375;0.9851068004858339
3;Sum;From;False;NZW;0.9858319601964857;0.9865571199071375;0.9851068004858339
3;0;MeanColumns;False;NZW;0.9844524361383296;0.9695095962169125;0.9993952760597467
5;4;MeanColumns;False;NZW;0.9843645032040791;0.9807754802634199;0.9879535261447382
0;5;To;False;NZW;0.9842601119325811;0.9853036899870716;0.9832165338780905
5;0;MaxColumns;False;NZW;0.9841024657375605;0.983954581476905;0.9842503499982163
Multi;5;MaxColumns;False;NZW;0.9836136714015679;0.983104275657718;0.9841230671454178
Multi;5;From;False;NZW;0.9835920752961436;0.9830610834468695;0.9841230671454178
Multi;5;MeanColumns;False;NZW;0.9835920752961436;0.9830610834468695;0.9841230671454178
5;4;From;False;NZW;0.9834690330128573;0.9786152239361396;0.9883228420895749
4;4;MeanColumns;False;NZW;0.9831844451351375;0.9991620545875568;0.9672068356827183
3;2;MeanColumns;False;NZW;0.9824021583511573;0.9977185836255361;0.9670857330767784
5;0;From;False;NZW;0.9821385999957498;0.9809139747683825;0.9833632252231171
5;0;MeanColumns;False;NZW;0.9818599770145933;0.9813069120444871;0.9824130419846995
4;1;MeanColumns;False;NZW;0.9818047231632383;0.9684744088850056;0.9951350374414711
3;4;MaxColumns;False;NZW;0.9814990501859369;0.9973564843630315;0.9656416160088424
Multi;2;From;False;NZW;0.9790987604305175;0.9822673657612848;0.9759301550997502
Multi;2;MeanColumns;False;NZW;0.9790987604305175;0.9822673657612848;0.9759301550997502
Multi;2;MaxColumns;False;NZW;0.9790987604305175;0.9822673657612848;0.9759301550997502
2;Mean;MeanColumns;False;NZW;0.978943982236883;0.9936576347086262;0.9642303297651397
2;Sum;MeanColumns;False;NZW;0.978943982236883;0.9936576347086262;0.9642303297651397
3;5;MaxColumns;False;NZW;0.9763388999874505;0.9756387251690735;0.9770390748058274
3;1;From;False;NZW;0.9748796071011225;0.9762758834403202;0.973483330761925
4;4;From;False;NZW;0.972363616445656;0.9972268341900531;0.947500398701259
4;2;To;False;NZW;0.9714670175085993;0.9430606356104128;0.9998733994067858
4;1;From;False;NZW;0.9713506727480977;0.9513055352771013;0.9913958102190942
1;0;MaxColumns;False;NZW;0.9711913701598284;0.9750636371415211;0.9673191031781356
1;0;MeanColumns;False;NZW;0.9705376250404683;0.9743741776547162;0.9667010724262204
4;3;MaxColumns;False;NZW;0.9605692428925585;0.9461367744555701;0.9750017113295468
3;4;MeanColumns;False;NZW;0.9598719222314359;0.9963078806340526;0.9234359638288192
3;4;To;False;NZW;0.9581360825164527;0.9485409894467361;0.9677311755861692
2;3;To;False;NZW;0.9576966914306455;0.9536997079141921;0.9616936749470989
4;0;MaxColumns;False;NZW;0.95661423810526;0.9990245432554012;0.9142039329551188
4;5;MaxColumns;False;NZW;0.9518951502994495;0.9974335471795335;0.9063567534193654
2;2;MaxColumns;False;NZW;0.9497891387378393;0.9906655235479019;0.9089127539277767
4;0;MeanColumns;False;NZW;0.9475859322425749;0.9943975128756596;0.9007743516094903
4;5;To;False;NZW;0.9464767379846735;0.9859174381076303;0.9070360378617165
2;5;MaxColumns;False;NZW;0.9450025042071166;0.9465618899302232;0.9434431184840102
4;2;MeanColumns;False;NZW;0.9449879350674383;0.907745481507955;0.9822303886269216
3;3;From;False;NZW;0.9431440893966665;0.9424710931391632;0.9438170856541699
2;1;MaxColumns;False;NZW;0.9381461767697041;0.9975541867189166;0.8787381668204918
3;0;From;False;NZW;0.9344740273743137;0.893280618284441;0.9756674364641863
2;1;To;False;NZW;0.9300157676372827;0.9979881788982041;0.8620433563763612
4;0;From;False;NZW;0.9294841898504007;0.9750907479615563;0.8838776317392452
4;3;MeanColumns;False;NZW;0.9294369564486076;0.9205605177346625;0.9383133951625526
1;1;To;False;NZW;0.9269923445532232;0.9507694558185719;0.9032152332878746
3;5;MeanColumns;False;NZW;0.9268888350141895;0.9317693858735814;0.9220082841547976
4;2;From;False;NZW;0.9248762973557771;0.8719393040617335;0.9778132906498208
2;5;MeanColumns;False;NZW;0.9176671100096783;0.9383090946821663;0.8970251253371904
4;5;MeanColumns;False;NZW;0.9168520686132212;0.9486218908408847;0.8850822463855578
4;3;From;False;NZW;0.9139892105045817;0.9093000169566658;0.9186784040524975
2;5;To;False;NZW;0.9093631989025543;0.9271923642811688;0.89153403352394
3;2;From;False;NZW;0.8937289515763914;0.9373355859763254;0.8501223171764575
2;2;To;False;NZW;0.8875186103571336;0.9923559014558353;0.782681319258432
2;4;To;False;NZW;0.8791693555648827;0.9819479395690516;0.776390771560714
4;5;From;False;NZW;0.8651694981078553;0.90659420938676;0.8237447868289504
2;1;MeanColumns;False;NZW;0.8627401603584598;0.9955488993481755;0.7299314213687441
3;4;From;False;NZW;0.8458319914570835;0.9087938493339115;0.7828701335802555
2;2;MeanColumns;False;NZW;0.84392393060394;0.9588926264245927;0.7289552347832873
2;3;MaxColumns;False;NZW;0.8425644457619696;0.9053043596547194;0.77982453186922
1;0;From;False;NZW;0.829281878874204;0.8194553439829023;0.8391084137655058
2;2;From;False;NZW;0.8284041005284712;0.963596506400097;0.6932116946568456
0;3;To;False;NZW;0.8172858120486184;0.8209329676297124;0.8136386564675244
0;5;From;False;NZW;0.8167406519123298;0.8201411275251048;0.8133401762995548
2;3;MeanColumns;False;NZW;0.8106904309407503;0.8943779706723771;0.7270028912091236
2;Mean;From;False;NZW;0.8061348487176281;0.9421218384369587;0.6701478589982973
2;Sum;From;False;NZW;0.8061348487176281;0.9421218384369587;0.6701478589982973
2;3;From;False;NZW;0.785255664168357;0.8689002707286378;0.7016110576080762
2;5;From;False;NZW;0.7773216469965372;0.8716123942104177;0.6830308997826565
3;5;From;False;NZW;0.7664781251932815;0.7550731010914263;0.7778831492951366
Multi;;;True;NZW;0.7607196701266639;0.8820425539628544;0.6393967862904734
2;0;To;False;NZW;0.7558068177154336;0.9530958777946322;0.5585177576362348
0;2;To;False;NZW;0.7443824066755587;0.7548469391581201;0.7339178741929971
2;0;MaxColumns;False;NZW;0.665625644545359;0.7664406108172607;0.5648106782734574
2;4;MaxColumns;False;NZW;0.6584479711280671;0.8618035634645799;0.45509237879155423
2;4;MeanColumns;False;NZW;0.5456134316515511;0.7847215570518439;0.3065053062512583
2;1;From;False;NZW;0.5270048352709411;0.795360499534744;0.2586491710071382
0;1;To;False;NZW;0.5103331483618059;0.5539369946771475;0.4667293020464643
2;0;MeanColumns;False;NZW;0.5021636919044132;0.6683474545099151;0.33597992929891146
2;4;From;False;NZW;0.4473387642087679;0.6930932292343872;0.20158429918314855
2;0;From;False;NZW;0.2836609558978263;0.4176691110361042;0.14965280075954843
1;0;To;False;NZW;0.09773205360823128;0.09300804382189416;0.1024560633945684