Mean;Mean;From;False;NZW;0.8695675049045213;0.9145409048025176;0.824594105006525
Mean;Mean;To;False;NZW;1.0;1.0;1.0
Mean;Mean;MeanColumns;False;NZW;1.0;1.0;1.0
Mean;Mean;MeanRows;False;NZW;1.0;1.0;1.0
Mean;Mean;MaxColumns;False;NZW;1.0;1.0;1.0
Mean;Mean;MaxRows;False;NZW;1.0;1.0;1.0
Mean;Sum;From;False;NZW;0.8695675049045213;0.9145409048025176;0.824594105006525
Mean;Sum;To;False;NZW;1.0;1.0;1.0
Mean;Sum;MeanColumns;False;NZW;1.0;1.0;1.0
Mean;Sum;MeanRows;False;NZW;1.0;1.0;1.0
Mean;Sum;MaxColumns;False;NZW;1.0;1.0;1.0
Mean;Sum;MaxRows;False;NZW;1.0;1.0;1.0
Mean;0;From;False;NZW;0.8618975648747425;0.9492222166192438;0.7745729131302412
Mean;0;To;False;NZW;0.9998735489125443;0.9999846422016939;0.9997624556233948
Mean;0;MeanColumns;False;NZW;0.9996748106493243;0.9994529697897606;0.999896651508888
Mean;0;MeanRows;False;NZW;1.0;1.0;1.0
Mean;0;MaxColumns;False;NZW;1.0;1.0;1.0
Mean;0;MaxRows;False;NZW;1.0;1.0;1.0
Mean;1;From;False;NZW;0.6281997528214216;0.8294883875564706;0.42691111808637255
Mean;1;To;False;NZW;0.8831157819635758;0.9828874243474707;0.7833441395796807
Mean;1;MeanColumns;False;NZW;0.9764671757229964;0.9969130465008866;0.9560213049451061
Mean;1;MeanRows;False;NZW;1.0;1.0;1.0
Mean;1;MaxColumns;False;NZW;0.9998626675455944;1.0;0.9997253350911888
Mean;1;MaxRows;False;NZW;1.0;1.0;1.0
Mean;2;From;False;NZW;0.8191042026162105;0.8940568515104013;0.7441515537220198
Mean;2;To;False;NZW;0.9983397618143286;0.9986686709459008;0.9980108526827564
Mean;2;MeanColumns;False;NZW;0.9989272549238071;0.9994458232656003;0.998408686582014
Mean;2;MeanRows;False;NZW;1.0;1.0;1.0
Mean;2;MaxColumns;False;NZW;1.0;1.0;1.0
Mean;2;MaxRows;False;NZW;1.0;1.0;1.0
Mean;3;From;False;NZW;0.5163009093589006;0.568192040121976;0.4644097785958252
Mean;3;To;False;NZW;0.9357377254238792;0.9612590562365223;0.910216394611236
Mean;3;MeanColumns;False;NZW;0.9904303076439628;0.9998286099269854;0.9810320053609402
Mean;3;MeanRows;False;NZW;1.0;1.0;1.0
Mean;3;MaxColumns;False;NZW;0.9995012022235359;0.99993626513703;0.9990661393100418
Mean;3;MaxRows;False;NZW;1.0;1.0;1.0
Mean;4;From;False;NZW;0.7291262964058213;0.7526177716120999;0.7056348211995427
Mean;4;To;False;NZW;0.9786380965643569;0.9942917793735336;0.9629844137551802
Mean;4;MeanColumns;False;NZW;0.9975790076264355;0.9951580152528711;1.0
Mean;4;MeanRows;False;NZW;1.0;1.0;1.0
Mean;4;MaxColumns;False;NZW;0.9999793138604174;0.9999860942117157;0.999972533509119
Mean;4;MaxRows;False;NZW;1.0;1.0;1.0
Mean;5;From;False;NZW;0.8557233878375518;0.8565296703969405;0.854917105278163
Mean;5;To;False;NZW;0.9923572098663607;0.9985548529405577;0.9861595667921635
Mean;5;MeanColumns;False;NZW;0.9996916287961437;0.999465657064931;0.9999176005273566
Mean;5;MeanRows;False;NZW;1.0;1.0;1.0
Mean;5;MaxColumns;False;NZW;0.9999862667545595;1.0;0.999972533509119
Mean;5;MaxRows;False;NZW;1.0;1.0;1.0
Multi;Mean;From;False;NZW;1.0;1.0;1.0
Multi;Mean;To;False;NZW;1.0;1.0;1.0
Multi;Mean;MeanColumns;False;NZW;1.0;1.0;1.0
Multi;Mean;MeanRows;False;NZW;1.0;1.0;1.0
Multi;Mean;MaxColumns;False;NZW;1.0;1.0;1.0
Multi;Mean;MaxRows;False;NZW;1.0;1.0;1.0
Multi;Sum;From;False;NZW;1.0;1.0;1.0
Multi;Sum;To;False;NZW;1.0;1.0;1.0
Multi;Sum;MeanColumns;False;NZW;1.0;1.0;1.0
Multi;Sum;MeanRows;False;NZW;1.0;1.0;1.0
Multi;Sum;MaxColumns;False;NZW;1.0;1.0;1.0
Multi;Sum;MaxRows;False;NZW;1.0;1.0;1.0
Multi;0;From;False;NZW;1.0;1.0;1.0
Multi;0;To;False;NZW;1.0;1.0;1.0
Multi;0;MeanColumns;False;NZW;1.0;1.0;1.0
Multi;0;MeanRows;False;NZW;1.0;1.0;1.0
Multi;0;MaxColumns;False;NZW;1.0;1.0;1.0
Multi;0;MaxRows;False;NZW;1.0;1.0;1.0
Multi;1;From;False;NZW;0.9981520919720046;0.9963041839440092;1.0
Multi;1;To;False;NZW;1.0;1.0;1.0
Multi;1;MeanColumns;False;NZW;0.9981838145012817;0.9963676290025634;1.0
Multi;1;MeanRows;False;NZW;1.0;1.0;1.0
Multi;1;MaxColumns;False;NZW;0.9981170683285954;0.9962341366571907;1.0
Multi;1;MaxRows;False;NZW;1.0;1.0;1.0
Multi;2;From;False;NZW;1.0;1.0;1.0
Multi;2;To;False;NZW;1.0;1.0;1.0
Multi;2;MeanColumns;False;NZW;1.0;1.0;1.0
Multi;2;MeanRows;False;NZW;1.0;1.0;1.0
Multi;2;MaxColumns;False;NZW;1.0;1.0;1.0
Multi;2;MaxRows;False;NZW;1.0;1.0;1.0
Multi;3;From;False;NZW;0.8590691229381675;0.8012425273290783;0.9168957185472568
Multi;3;To;False;NZW;1.0;1.0;1.0
Multi;3;MeanColumns;False;NZW;0.8600050456036262;0.8012454375395186;0.9187646536677339
Multi;3;MeanRows;False;NZW;1.0;1.0;1.0
Multi;3;MaxColumns;False;NZW;0.8596262527790777;0.8007797920914226;0.9184727134667328
Multi;3;MaxRows;False;NZW;1.0;1.0;1.0
Multi;4;From;False;NZW;0.5243364032471335;0.667792605235883;0.3808802012583839
Multi;4;To;False;NZW;1.0;1.0;1.0
Multi;4;MeanColumns;False;NZW;0.5228220889273927;0.6654897722132843;0.38015440564150094
Multi;4;MeanRows;False;NZW;1.0;1.0;1.0
Multi;4;MaxColumns;False;NZW;0.5237738818241587;0.6674425703769047;0.38010519327141273
Multi;4;MaxRows;False;NZW;1.0;1.0;1.0
Multi;5;From;False;NZW;0.9984549079782069;0.9996665359315579;0.997243280024856
Multi;5;To;False;NZW;1.0;1.0;1.0
Multi;5;MeanColumns;False;NZW;0.9984967845660431;0.9997502891072301;0.997243280024856
Multi;5;MeanRows;False;NZW;1.0;1.0;1.0
Multi;5;MaxColumns;False;NZW;0.9987038569287949;0.9996887405467103;0.9977189733108794
Multi;5;MaxRows;False;NZW;1.0;1.0;1.0
Sum;Mean;From;False;NZW;0.8695675049045213;0.9145409048025176;0.824594105006525
Sum;Mean;To;False;NZW;1.0;1.0;1.0
Sum;Mean;MeanColumns;False;NZW;1.0;1.0;1.0
Sum;Mean;MeanRows;False;NZW;1.0;1.0;1.0
Sum;Mean;MaxColumns;False;NZW;1.0;1.0;1.0
Sum;Mean;MaxRows;False;NZW;1.0;1.0;1.0
Sum;Sum;From;False;NZW;0.8695675049045213;0.9145409048025176;0.824594105006525
Sum;Sum;To;False;NZW;1.0;1.0;1.0
Sum;Sum;MeanColumns;False;NZW;1.0;1.0;1.0
Sum;Sum;MeanRows;False;NZW;1.0;1.0;1.0
Sum;Sum;MaxColumns;False;NZW;1.0;1.0;1.0
Sum;Sum;MaxRows;False;NZW;1.0;1.0;1.0
Sum;0;From;False;NZW;0.8618975648747425;0.9492222166192438;0.7745729131302412
Sum;0;To;False;NZW;0.9998735489125443;0.9999846422016939;0.9997624556233948
Sum;0;MeanColumns;False;NZW;0.9996748106493243;0.9994529697897606;0.999896651508888
Sum;0;MeanRows;False;NZW;1.0;1.0;1.0
Sum;0;MaxColumns;False;NZW;1.0;1.0;1.0
Sum;0;MaxRows;False;NZW;1.0;1.0;1.0
Sum;1;From;False;NZW;0.6281997528214216;0.8294883875564706;0.42691111808637255
Sum;1;To;False;NZW;0.8831157819635758;0.9828874243474707;0.7833441395796807
Sum;1;MeanColumns;False;NZW;0.9764671757229964;0.9969130465008866;0.9560213049451061
Sum;1;MeanRows;False;NZW;1.0;1.0;1.0
Sum;1;MaxColumns;False;NZW;0.9998626675455944;1.0;0.9997253350911888
Sum;1;MaxRows;False;NZW;1.0;1.0;1.0
Sum;2;From;False;NZW;0.8191042026162105;0.8940568515104013;0.7441515537220198
Sum;2;To;False;NZW;0.9983397618143286;0.9986686709459008;0.9980108526827564
Sum;2;MeanColumns;False;NZW;0.9989272549238071;0.9994458232656003;0.998408686582014
Sum;2;MeanRows;False;NZW;1.0;1.0;1.0
Sum;2;MaxColumns;False;NZW;1.0;1.0;1.0
Sum;2;MaxRows;False;NZW;1.0;1.0;1.0
Sum;3;From;False;NZW;0.5163009093589006;0.568192040121976;0.4644097785958252
Sum;3;To;False;NZW;0.9357377254238792;0.9612590562365223;0.910216394611236
Sum;3;MeanColumns;False;NZW;0.9904303076439628;0.9998286099269854;0.9810320053609402
Sum;3;MeanRows;False;NZW;1.0;1.0;1.0
Sum;3;MaxColumns;False;NZW;0.9995012022235359;0.99993626513703;0.9990661393100418
Sum;3;MaxRows;False;NZW;1.0;1.0;1.0
Sum;4;From;False;NZW;0.7291262964058213;0.7526177716120999;0.7056348211995427
Sum;4;To;False;NZW;0.9786380965643569;0.9942917793735336;0.9629844137551802
Sum;4;MeanColumns;False;NZW;0.9975790076264355;0.9951580152528711;1.0
Sum;4;MeanRows;False;NZW;1.0;1.0;1.0
Sum;4;MaxColumns;False;NZW;0.9999793138604174;0.9999860942117157;0.999972533509119
Sum;4;MaxRows;False;NZW;1.0;1.0;1.0
Sum;5;From;False;NZW;0.8557233878375518;0.8565296703969405;0.854917105278163
Sum;5;To;False;NZW;0.9923572098663607;0.9985548529405577;0.9861595667921635
Sum;5;MeanColumns;False;NZW;0.9996916287961437;0.999465657064931;0.9999176005273566
Sum;5;MeanRows;False;NZW;1.0;1.0;1.0
Sum;5;MaxColumns;False;NZW;0.9999862667545595;1.0;0.999972533509119
Sum;5;MaxRows;False;NZW;1.0;1.0;1.0
0;Mean;From;False;NZW;0.9999622494525702;0.9999244989051405;1.0
0;Mean;To;False;NZW;0.9990997480993759;0.9995053464479099;0.9986941497508418
0;Mean;MeanColumns;False;NZW;1.0;1.0;1.0
0;Mean;MeanRows;False;NZW;1.0;1.0;1.0
0;Mean;MaxColumns;False;NZW;0.9999862667545595;1.0;0.999972533509119
0;Mean;MaxRows;False;NZW;1.0;1.0;1.0
0;Sum;From;False;NZW;0.9999622494525702;0.9999244989051405;1.0
0;Sum;To;False;NZW;0.9990997480993759;0.9995053464479099;0.9986941497508418
0;Sum;MeanColumns;False;NZW;1.0;1.0;1.0
0;Sum;MeanRows;False;NZW;1.0;1.0;1.0
0;Sum;MaxColumns;False;NZW;0.9999862667545595;1.0;0.999972533509119
0;Sum;MaxRows;False;NZW;1.0;1.0;1.0
0;0;From;False;NZW;1.0;1.0;1.0
0;0;To;False;NZW;0.9867868300317385;0.9925518737789915;0.9810217862844856
0;0;MeanColumns;False;NZW;1.0;1.0;1.0
0;0;MeanRows;False;NZW;1.0;1.0;1.0
0;0;MaxColumns;False;NZW;1.0;1.0;1.0
0;0;MaxRows;False;NZW;1.0;1.0;1.0
0;1;From;False;NZW;0.9999900620947519;0.9999801241895039;1.0
0;1;To;False;NZW;0.3385790790573163;0.45256914349287064;0.22458901462176206
0;1;MeanColumns;False;NZW;0.9999863425293636;0.999972685058727;1.0
0;1;MeanRows;False;NZW;1.0;1.0;1.0
0;1;MaxColumns;False;NZW;0.9991044067144903;0.999774403409205;0.9984344100197757
0;1;MaxRows;False;NZW;1.0;1.0;1.0
0;2;From;False;NZW;1.0;1.0;1.0
0;2;To;False;NZW;0.9834173398602796;0.9919117981255903;0.9749228815949689
0;2;MeanColumns;False;NZW;1.0;1.0;1.0
0;2;MeanRows;False;NZW;1.0;1.0;1.0
0;2;MaxColumns;False;NZW;1.0;1.0;1.0
0;2;MaxRows;False;NZW;1.0;1.0;1.0
0;3;From;False;NZW;0.9810654854396739;0.9884179838893771;0.9737129869899707
0;3;To;False;NZW;0.4693987913893434;0.5337719221784567;0.40502566060023004
0;3;MeanColumns;False;NZW;0.9987391825150288;0.999079104435675;0.9983992605943826
0;3;MeanRows;False;NZW;1.0;1.0;1.0
0;3;MaxColumns;False;NZW;0.995680389785729;0.9971568674664274;0.9942039121050307
0;3;MaxRows;False;NZW;1.0;1.0;1.0
0;4;From;False;NZW;0.29377460639396497;0.28376514294864674;0.3037840698392832
0;4;To;False;NZW;0.8766057546771286;0.9093136769441801;0.8438978324100772
0;4;MeanColumns;False;NZW;1.0;1.0;1.0
0;4;MeanRows;False;NZW;1.0;1.0;1.0
0;4;MaxColumns;False;NZW;0.9990221153270165;0.9997863889846366;0.9982578416693964
0;4;MaxRows;False;NZW;1.0;1.0;1.0
0;5;From;False;NZW;0.9999754130605822;1.0;0.9999508261211645
0;5;To;False;NZW;0.8694086535763434;0.9017400834226128;0.8370772237300742
0;5;MeanColumns;False;NZW;0.9998375530746233;0.9999772375489392;0.9996978686003075
0;5;MeanRows;False;NZW;1.0;1.0;1.0
0;5;MaxColumns;False;NZW;0.9992890246325308;0.9998907402349085;0.9986873090301531
0;5;MaxRows;False;NZW;1.0;1.0;1.0
1;Mean;From;False;NZW;0.9832139111298004;0.990991910435788;0.9754359118238126
1;Mean;To;False;NZW;1.0;1.0;1.0
1;Mean;MeanColumns;False;NZW;1.0;1.0;1.0
1;Mean;MeanRows;False;NZW;1.0;1.0;1.0
1;Mean;MaxColumns;False;NZW;1.0;1.0;1.0
1;Mean;MaxRows;False;NZW;1.0;1.0;1.0
1;Sum;From;False;NZW;0.9832139111298004;0.990991910435788;0.9754359118238126
1;Sum;To;False;NZW;1.0;1.0;1.0
1;Sum;MeanColumns;False;NZW;1.0;1.0;1.0
1;Sum;MeanRows;False;NZW;1.0;1.0;1.0
1;Sum;MaxColumns;False;NZW;1.0;1.0;1.0
1;Sum;MaxRows;False;NZW;1.0;1.0;1.0
1;0;From;False;NZW;0.9227666697323458;0.9922115799680015;0.8533217594966901
1;0;To;False;NZW;0.8622112644964312;0.9066754914159778;0.8177470375768845
1;0;MeanColumns;False;NZW;0.8269170559469534;0.9902044609711859;0.663629650922721
1;0;MeanRows;False;NZW;1.0;1.0;1.0
1;0;MaxColumns;False;NZW;0.9362385581182664;0.9796587479951141;0.8928183682414187
1;0;MaxRows;False;NZW;1.0;1.0;1.0
1;1;From;False;NZW;0.9430570706330561;0.9655620740252477;0.9205520672408646
1;1;To;False;NZW;0.6895028192853785;0.7216532939327609;0.6573523446379961
1;1;MeanColumns;False;NZW;0.9899841116927695;0.9867746320118608;0.9931935913736782
1;1;MeanRows;False;NZW;1.0;1.0;1.0
1;1;MaxColumns;False;NZW;0.9926418927099072;0.9928438598578029;0.9924399255620115
1;1;MaxRows;False;NZW;1.0;1.0;1.0
1;2;From;False;NZW;0.9700759934445958;0.9827693335122472;0.9573826533769445
1;2;To;False;NZW;0.9323848922235626;0.9479735374295072;0.916796247017618
1;2;MeanColumns;False;NZW;0.9999339102683452;1.0;0.9998678205366904
1;2;MeanRows;False;NZW;1.0;1.0;1.0
1;2;MaxColumns;False;NZW;0.9999746718888913;0.9999493437777828;1.0
1;2;MaxRows;False;NZW;1.0;1.0;1.0
1;3;From;False;NZW;0.05356973083893132;0.054710585599675336;0.05242887607818731
1;3;To;False;NZW;0.025253273771657567;0.028537208842829665;0.02196933870048547
1;3;MeanColumns;False;NZW;0.9926064609017771;0.9946035062297133;0.9906094155738409
1;3;MeanRows;False;NZW;1.0;1.0;1.0
1;3;MaxColumns;False;NZW;0.9943146282293598;0.996000131015998;0.9926291254427214
1;3;MaxRows;False;NZW;1.0;1.0;1.0
1;4;From;False;NZW;0.8351086947261137;0.9141419880187949;0.7560754014334324
1;4;To;False;NZW;0.7352814537617836;0.7992627544188053;0.6713001531047617
1;4;MeanColumns;False;NZW;0.9930396915258952;0.9970464427049468;0.9890329403468437
1;4;MeanRows;False;NZW;1.0;1.0;1.0
1;4;MaxColumns;False;NZW;0.9966539650856645;0.9986279055560016;0.9946800246153276
1;4;MaxRows;False;NZW;1.0;1.0;1.0
1;5;From;False;NZW;0.6982738435140692;0.6823709261565171;0.7141767608716214
1;5;To;False;NZW;0.9016646960387473;0.9481642616950718;0.8551651303824228
1;5;MeanColumns;False;NZW;0.9997848688067388;0.9997241062457716;0.999845631367706
1;5;MeanRows;False;NZW;1.0;1.0;1.0
1;5;MaxColumns;False;NZW;0.9985464514061627;0.997828042404308;0.9992648604080174
1;5;MaxRows;False;NZW;1.0;1.0;1.0
2;Mean;From;False;NZW;0.6754537966333707;0.7489150997117899;0.6019924935549515
2;Mean;To;False;NZW;0.9895322214590303;0.9945353366310813;0.9845291062869792
2;Mean;MeanColumns;False;NZW;1.0;1.0;1.0
2;Mean;MeanRows;False;NZW;1.0;1.0;1.0
2;Mean;MaxColumns;False;NZW;1.0;1.0;1.0
2;Mean;MaxRows;False;NZW;1.0;1.0;1.0
2;Sum;From;False;NZW;0.6754537966333707;0.7489150997117899;0.6019924935549515
2;Sum;To;False;NZW;0.9895322214590303;0.9945353366310813;0.9845291062869792
2;Sum;MeanColumns;False;NZW;1.0;1.0;1.0
2;Sum;MeanRows;False;NZW;1.0;1.0;1.0
2;Sum;MaxColumns;False;NZW;1.0;1.0;1.0
2;Sum;MaxRows;False;NZW;1.0;1.0;1.0
2;0;From;False;NZW;0.8446277013015944;0.8633656469089978;0.8258897556941909
2;0;To;False;NZW;0.8829626153226788;0.9413826367680369;0.8245425938773207
2;0;MeanColumns;False;NZW;0.9611732237302901;0.9260931439218868;0.9962533035386935
2;0;MeanRows;False;NZW;1.0;1.0;1.0
2;0;MaxColumns;False;NZW;0.9214436024294863;0.8571523576391707;0.9857348472198018
2;0;MaxRows;False;NZW;1.0;1.0;1.0
2;1;From;False;NZW;0.24260501252531091;0.38178368379984895;0.10342634125077291
2;1;To;False;NZW;0.9557439433026904;0.9699940405134791;0.9414938460919018
2;1;MeanColumns;False;NZW;0.9545556223686371;0.9791937020466229;0.9299175426906512
2;1;MeanRows;False;NZW;1.0;1.0;1.0
2;1;MaxColumns;False;NZW;0.7361886000597808;0.891782386742654;0.5805948133769077
2;1;MaxRows;False;NZW;1.0;1.0;1.0
2;2;From;False;NZW;0.6157743744385089;0.7174613567659396;0.5140873921110781
2;2;To;False;NZW;0.20919184102941663;0.28303337774397297;0.13535030431486025
2;2;MeanColumns;False;NZW;0.9432376920719;0.9715224029751738;0.9149529811686262
2;2;MeanRows;False;NZW;1.0;1.0;1.0
2;2;MaxColumns;False;NZW;0.982925299656516;0.9899596138299542;0.9758909854830777
2;2;MaxRows;False;NZW;1.0;1.0;1.0
2;3;From;False;NZW;0.41406713291346864;0.35559779414075193;0.47253647168618534
2;3;To;False;NZW;0.6201198521725695;0.7512762995919606;0.4889634047531784
2;3;MeanColumns;False;NZW;0.9441616910185592;0.9408977181219939;0.9474256639151245
2;3;MeanRows;False;NZW;1.0;1.0;1.0
2;3;MaxColumns;False;NZW;0.9611485861794452;0.9803759227484318;0.9419212496104586
2;3;MaxRows;False;NZW;1.0;1.0;1.0
2;4;From;False;NZW;0.5288062595750498;0.5895388347762569;0.4680736843738428
2;4;To;False;NZW;0.7248738425951748;0.849158751790907;0.6005889333994427
2;4;MeanColumns;False;NZW;0.9565693202120815;0.9866150494969821;0.926523590927181
2;4;MeanRows;False;NZW;1.0;1.0;1.0
2;4;MaxColumns;False;NZW;0.9189465232888654;0.9738596292960415;0.8640334172816893
2;4;MaxRows;False;NZW;1.0;1.0;1.0
2;5;From;False;NZW;0.29200049237933884;0.3693232825359815;0.21467770222269617
2;5;To;False;NZW;0.5303245166582073;0.6834152144690522;0.3772338188473625
2;5;MeanColumns;False;NZW;0.9626389446200831;0.986097966737027;0.9391799225031394
2;5;MeanRows;False;NZW;1.0;1.0;1.0
2;5;MaxColumns;False;NZW;0.9651012371489129;0.9849749377184734;0.9452275365793523
2;5;MaxRows;False;NZW;1.0;1.0;1.0
3;Mean;From;False;NZW;0.2522426163820374;0.355987416764406;0.14849781599966883
3;Mean;To;False;NZW;0.7356662747041698;0.8615284590658139;0.6098040903425256
3;Mean;MeanColumns;False;NZW;0.9125568453573458;0.8692298384219436;0.9558838522927481
3;Mean;MeanRows;False;NZW;1.0;1.0;1.0
3;Mean;MaxColumns;False;NZW;0.9560704962680704;0.9733218987128601;0.9388190938232808
3;Mean;MaxRows;False;NZW;1.0;1.0;1.0
3;Sum;From;False;NZW;0.2522426163820374;0.355987416764406;0.14849781599966883
3;Sum;To;False;NZW;0.7356662747041698;0.8615284590658139;0.6098040903425256
3;Sum;MeanColumns;False;NZW;0.9125568453573458;0.8692298384219436;0.9558838522927481
3;Sum;MeanRows;False;NZW;1.0;1.0;1.0
3;Sum;MaxColumns;False;NZW;0.9560704962680704;0.9733218987128601;0.9388190938232808
3;Sum;MaxRows;False;NZW;1.0;1.0;1.0
3;0;From;False;NZW;0.2752430847432194;0.3477733655032578;0.20271280398318095
3;0;To;False;NZW;0.33661406531821403;0.5241164707086097;0.14911165992781844
3;0;MeanColumns;False;NZW;0.8907682660201348;0.8431875995678817;0.938348932472388
3;0;MeanRows;False;NZW;1.0;1.0;1.0
3;0;MaxColumns;False;NZW;0.9193059182856436;0.9012588362650499;0.9373530003062371
3;0;MaxRows;False;NZW;1.0;1.0;1.0
3;1;From;False;NZW;0.26024898299156396;0.37921905286417124;0.14127891311895666
3;1;To;False;NZW;0.5522567634204025;0.7564751084769402;0.34803841836386473
3;1;MeanColumns;False;NZW;0.7543055290769869;0.7621385665263724;0.7464724916276014
3;1;MeanRows;False;NZW;1.0;1.0;1.0
3;1;MaxColumns;False;NZW;0.7771949053684069;0.8358416699786442;0.7185481407581695
3;1;MaxRows;False;NZW;1.0;1.0;1.0
3;2;From;False;NZW;0.24374289510240613;0.3468908987248237;0.14059489147998855
3;2;To;False;NZW;0.4773284254345125;0.6939293328661884;0.2607275180028366
3;2;MeanColumns;False;NZW;0.7070996619775969;0.7499369796388501;0.6642623443163438
3;2;MeanRows;False;NZW;1.0;1.0;1.0
3;2;MaxColumns;False;NZW;0.7204444137683852;0.8375025903764748;0.6033862371602955
3;2;MaxRows;False;NZW;1.0;1.0;1.0
3;3;From;False;NZW;0.17232606261985914;0.27918162619657216;0.06547049904314611
3;3;To;False;NZW;0.4713415147997638;0.6667557811110633;0.27592724848846445
3;3;MeanColumns;False;NZW;0.6031480419690682;0.6611906703077235;0.5451054136304131
3;3;MeanRows;False;NZW;1.0;1.0;1.0
3;3;MaxColumns;False;NZW;0.6856024677484075;0.7926040596365542;0.5786008758602608
3;3;MaxRows;False;NZW;1.0;1.0;1.0
3;4;From;False;NZW;0.14610481128690622;0.22801896784924655;0.06419065472456588
3;4;To;False;NZW;0.47789378669994703;0.6652268428097949;0.2905607305900991
3;4;MeanColumns;False;NZW;0.8359428758579135;0.8347178163613737;0.8371679353544533
3;4;MeanRows;False;NZW;1.0;1.0;1.0
3;4;MaxColumns;False;NZW;0.8837119294358476;0.9180695191102133;0.849354339761482
3;4;MaxRows;False;NZW;1.0;1.0;1.0
3;5;From;False;NZW;0.24159772252598277;0.19811671167469602;0.2850787333772695
3;5;To;False;NZW;0.8287411831238305;0.9605611702299934;0.6969211960176676
3;5;MeanColumns;False;NZW;0.7043183346124757;0.5624523159484827;0.8461843532764688
3;5;MeanRows;False;NZW;1.0;1.0;1.0
3;5;MaxColumns;False;NZW;0.690458114934258;0.6785664926912802;0.7023497371772358
3;5;MaxRows;False;NZW;1.0;1.0;1.0
4;Mean;From;False;NZW;0.14517859220647278;0.22411533518990415;0.06624184922304138
4;Mean;To;False;NZW;0.7958140090522;0.9001723721179701;0.69145564598643
4;Mean;MeanColumns;False;NZW;0.3222829791787204;0.48208575892710254;0.1624801994303383
4;Mean;MeanRows;False;NZW;1.0;1.0;1.0
4;Mean;MaxColumns;False;NZW;0.7533100554666319;0.7782565907774953;0.7283635201557686
4;Mean;MaxRows;False;NZW;1.0;1.0;1.0
4;Sum;From;False;NZW;0.14517859220647278;0.22411533518990415;0.06624184922304138
4;Sum;To;False;NZW;0.7958140090522;0.9001723721179701;0.69145564598643
4;Sum;MeanColumns;False;NZW;0.3222829791787204;0.48208575892710254;0.1624801994303383
4;Sum;MeanRows;False;NZW;1.0;1.0;1.0
4;Sum;MaxColumns;False;NZW;0.7533100554666319;0.7782565907774953;0.7283635201557686
4;Sum;MaxRows;False;NZW;1.0;1.0;1.0
4;0;From;False;NZW;0.10163621939398267;0.15428753446448093;0.0489849043234844
4;0;To;False;NZW;0.5312318858330753;0.5323081469314118;0.530155624734739
4;0;MeanColumns;False;NZW;0.4036458776497399;0.4227967746261624;0.3844949806733174
4;0;MeanRows;False;NZW;1.0;1.0;1.0
4;0;MaxColumns;False;NZW;0.5838516910534426;0.5275124382828685;0.6401909438240168
4;0;MaxRows;False;NZW;1.0;1.0;1.0
4;1;From;False;NZW;0.10198414760304714;0.19095477377692885;0.013013521429165419
4;1;To;False;NZW;0.6992787458512446;0.8861784318861036;0.5123790598163858
4;1;MeanColumns;False;NZW;0.2400280395756651;0.3953673426583389;0.08468873649299129
4;1;MeanRows;False;NZW;1.0;1.0;1.0
4;1;MaxColumns;False;NZW;0.5721324505618364;0.6358245848664006;0.5084403162572722
4;1;MaxRows;False;NZW;1.0;1.0;1.0
4;2;From;False;NZW;0.09510037490503738;0.1769506653635684;0.013250084446506362
4;2;To;False;NZW;0.6572861525131937;0.7288296597459056;0.5857426452804817
4;2;MeanColumns;False;NZW;0.15467681846612025;0.27610164605986387;0.033251990872376604
4;2;MeanRows;False;NZW;1.0;1.0;1.0
4;2;MaxColumns;False;NZW;0.38289622213891783;0.46494782335237556;0.30084462092546016
4;2;MaxRows;False;NZW;1.0;1.0;1.0
4;3;From;False;NZW;0.13050473512828947;0.24739004263975925;0.01361942761681972
4;3;To;False;NZW;0.5562865543871344;0.4937278337924726;0.6188452749817961
4;3;MeanColumns;False;NZW;0.17578600956500734;0.3286435562928376;0.022928462837177074
4;3;MeanRows;False;NZW;1.0;1.0;1.0
4;3;MaxColumns;False;NZW;0.2584285258297713;0.43223357030238846;0.0846234813571542
4;3;MaxRows;False;NZW;1.0;1.0;1.0
4;4;From;False;NZW;0.14576163290879132;0.16764884766137664;0.12387441815620599
4;4;To;False;NZW;0.48404661032619645;0.4563696389979786;0.5117235816544142
4;4;MeanColumns;False;NZW;0.3660128904692998;0.3946419348542794;0.3373838460843202
4;4;MeanRows;False;NZW;1.0;1.0;1.0
4;4;MaxColumns;False;NZW;0.6160325356064213;0.4906533200133629;0.7414117511994799
4;4;MaxRows;False;NZW;1.0;1.0;1.0
4;5;From;False;NZW;0.25658430448295766;0.18743729382966878;0.3257313151362466
4;5;To;False;NZW;0.5143230192745678;0.6478551297060936;0.38079090884304206
4;5;MeanColumns;False;NZW;0.49680369050745893;0.47295424939563147;0.5206531316192864
4;5;MeanRows;False;NZW;1.0;1.0;1.0
4;5;MaxColumns;False;NZW;0.7315885784073668;0.6823909951327578;0.7807861616819758
4;5;MaxRows;False;NZW;1.0;1.0;1.0
5;Mean;From;False;NZW;0.8314967627695752;0.7198214454343524;0.9431720801047979
5;Mean;To;False;NZW;0.9968048007698066;0.9937204662846242;0.999889135254989
5;Mean;MeanColumns;False;NZW;0.9879664927335956;0.9885030482610082;0.987429937206183
5;Mean;MeanRows;False;NZW;1.0;1.0;1.0
5;Mean;MaxColumns;False;NZW;0.9967051399023205;0.9974335040583594;0.9959767757462815
5;Mean;MaxRows;False;NZW;1.0;1.0;1.0
5;Sum;From;False;NZW;0.8314967627695752;0.7198214454343524;0.9431720801047979
5;Sum;To;False;NZW;0.9968048007698066;0.9937204662846242;0.999889135254989
5;Sum;MeanColumns;False;NZW;0.9879664927335956;0.9885030482610082;0.987429937206183
5;Sum;MeanRows;False;NZW;1.0;1.0;1.0
5;Sum;MaxColumns;False;NZW;0.9967051399023205;0.9974335040583594;0.9959767757462815
5;Sum;MaxRows;False;NZW;1.0;1.0;1.0
5;0;From;False;NZW;0.6732096745925575;0.9125423170206545;0.4338770321644606
5;0;To;False;NZW;0.7212647196875779;0.993401584562659;0.4491278548124967
5;0;MeanColumns;False;NZW;0.9351831011208691;0.9580739274135305;0.9122922748282076
5;0;MeanRows;False;NZW;1.0;1.0;1.0
5;0;MaxColumns;False;NZW;0.9745048366938351;0.98951691800585;0.9594927553818204
5;0;MaxRows;False;NZW;1.0;1.0;1.0
5;1;From;False;NZW;0.47850675678681864;0.5579644538530159;0.3990490597206214
5;1;To;False;NZW;0.7439783114090188;0.9561422341319675;0.5318143886860701
5;1;MeanColumns;False;NZW;0.8708106839670472;0.8396826988035391;0.9019386691305553
5;1;MeanRows;False;NZW;1.0;1.0;1.0
5;1;MaxColumns;False;NZW;0.9535911181121162;0.9505922577008066;0.9565899785234258
5;1;MaxRows;False;NZW;1.0;1.0;1.0
5;2;From;False;NZW;0.7475679126040862;0.5929288264406646;0.9022069987675079
5;2;To;False;NZW;0.9067872082414582;0.8313821752010297;0.9821922412818866
5;2;MeanColumns;False;NZW;0.9985877526598874;0.9980910468603332;0.9990844584594415
5;2;MeanRows;False;NZW;1.0;1.0;1.0
5;2;MaxColumns;False;NZW;0.9955485503038974;0.9967739905425413;0.9943231100652534
5;2;MaxRows;False;NZW;1.0;1.0;1.0
5;3;From;False;NZW;0.6927119633681653;0.4959824970533969;0.8894414296829337
5;3;To;False;NZW;0.9730614290751323;0.9554804782355628;0.9906423799147017
5;3;MeanColumns;False;NZW;0.9849977979917397;0.984142680311429;0.9858529156720504
5;3;MeanRows;False;NZW;1.0;1.0;1.0
5;3;MaxColumns;False;NZW;0.9938759623030198;0.996362464608148;0.9913894599978916
5;3;MaxRows;False;NZW;1.0;1.0;1.0
5;4;From;False;NZW;0.766232411146926;0.6020873040253182;0.9303775182685338
5;4;To;False;NZW;0.9935704841464567;0.9905183568436009;0.9966226114493124
5;4;MeanColumns;False;NZW;0.8454630808948114;0.7353638697898347;0.9555622919997879
5;4;MeanRows;False;NZW;1.0;1.0;1.0
5;4;MaxColumns;False;NZW;0.9918232065623769;0.9879368610482312;0.9957095520765225
5;4;MaxRows;False;NZW;0.9999961605504235;0.999992321100847;1.0
5;5;From;False;NZW;0.484451882614168;0.5256575318902627;0.44324623333807334
5;5;To;False;NZW;0.8813535985702292;0.9548402747658822;0.8078669223745761
5;5;MeanColumns;False;NZW;0.8425052392098094;0.9201981015462551;0.7648123768733637
5;5;MeanRows;False;NZW;1.0;1.0;1.0
5;5;MaxColumns;False;NZW;0.9725470403952972;0.9812140041898492;0.9638800766007452
5;5;MaxRows;False;NZW;1.0;1.0;1.0
Mean;;;True;NZW;0.6631478508118452;0.8235679352424238;0.5027277663812667
Multi;;;True;NZW;0.5398191153094651;0.5009390361732023;0.578699194445728
Sum;;;True;NZW;0.6631478508118452;0.8235679352424238;0.5027277663812667