Mean;Mean;From;False;NZW;1.0;1.0;1.0
Mean;Mean;To;False;NZW;1.0;1.0;1.0
Mean;Mean;MeanColumns;False;NZW;1.0;1.0;1.0
Mean;Mean;MeanRows;False;NZW;1.0;1.0;1.0
Mean;Mean;MaxColumns;False;NZW;1.0;1.0;1.0
Mean;Mean;MaxRows;False;NZW;1.0;1.0;1.0
Mean;Sum;From;False;NZW;1.0;1.0;1.0
Mean;Sum;To;False;NZW;1.0;1.0;1.0
Mean;Sum;MeanColumns;False;NZW;1.0;1.0;1.0
Mean;Sum;MeanRows;False;NZW;1.0;1.0;1.0
Mean;Sum;MaxColumns;False;NZW;1.0;1.0;1.0
Mean;Sum;MaxRows;False;NZW;1.0;1.0;1.0
Mean;0;From;False;NZW;1.0;1.0;1.0
Mean;0;To;False;NZW;1.0;1.0;1.0
Mean;0;MeanColumns;False;NZW;1.0;1.0;1.0
Mean;0;MeanRows;False;NZW;1.0;1.0;1.0
Mean;0;MaxColumns;False;NZW;1.0;1.0;1.0
Mean;0;MaxRows;False;NZW;1.0;1.0;1.0
Mean;1;From;False;NZW;0.9999028973438249;0.9999671095204316;0.9998386851672181
Mean;1;To;False;NZW;1.0;1.0;1.0
Mean;1;MeanColumns;False;NZW;1.0;1.0;1.0
Mean;1;MeanRows;False;NZW;1.0;1.0;1.0
Mean;1;MaxColumns;False;NZW;1.0;1.0;1.0
Mean;1;MaxRows;False;NZW;1.0;1.0;1.0
Mean;2;From;False;NZW;1.0;1.0;1.0
Mean;2;To;False;NZW;1.0;1.0;1.0
Mean;2;MeanColumns;False;NZW;1.0;1.0;1.0
Mean;2;MeanRows;False;NZW;1.0;1.0;1.0
Mean;2;MaxColumns;False;NZW;1.0;1.0;1.0
Mean;2;MaxRows;False;NZW;1.0;1.0;1.0
Mean;3;From;False;NZW;1.0;1.0;1.0
Mean;3;To;False;NZW;1.0;1.0;1.0
Mean;3;MeanColumns;False;NZW;1.0;1.0;1.0
Mean;3;MeanRows;False;NZW;1.0;1.0;1.0
Mean;3;MaxColumns;False;NZW;1.0;1.0;1.0
Mean;3;MaxRows;False;NZW;1.0;1.0;1.0
Mean;4;From;False;NZW;1.0;1.0;1.0
Mean;4;To;False;NZW;1.0;1.0;1.0
Mean;4;MeanColumns;False;NZW;1.0;1.0;1.0
Mean;4;MeanRows;False;NZW;1.0;1.0;1.0
Mean;4;MaxColumns;False;NZW;1.0;1.0;1.0
Mean;4;MaxRows;False;NZW;1.0;1.0;1.0
Mean;5;From;False;NZW;0.9999569553078014;0.9999782027591025;0.9999357078565001
Mean;5;To;False;NZW;1.0;1.0;1.0
Mean;5;MeanColumns;False;NZW;1.0;1.0;1.0
Mean;5;MeanRows;False;NZW;1.0;1.0;1.0
Mean;5;MaxColumns;False;NZW;1.0;1.0;1.0
Mean;5;MaxRows;False;NZW;1.0;1.0;1.0
Mean;6;From;False;NZW;0.9999511682777207;0.9999666286989412;0.9999357078565001
Mean;6;To;False;NZW;1.0;1.0;1.0
Mean;6;MeanColumns;False;NZW;1.0;1.0;1.0
Mean;6;MeanRows;False;NZW;1.0;1.0;1.0
Mean;6;MaxColumns;False;NZW;1.0;1.0;1.0
Mean;6;MaxRows;False;NZW;1.0;1.0;1.0
Mean;7;From;False;NZW;0.9998815869581654;0.9999239042750813;0.9998392696412497
Mean;7;To;False;NZW;1.0;1.0;1.0
Mean;7;MeanColumns;False;NZW;1.0;1.0;1.0
Mean;7;MeanRows;False;NZW;1.0;1.0;1.0
Mean;7;MaxColumns;False;NZW;1.0;1.0;1.0
Mean;7;MaxRows;False;NZW;1.0;1.0;1.0
Mean;8;From;False;NZW;1.0;1.0;1.0
Mean;8;To;False;NZW;1.0;1.0;1.0
Mean;8;MeanColumns;False;NZW;1.0;1.0;1.0
Mean;8;MeanRows;False;NZW;1.0;1.0;1.0
Mean;8;MaxColumns;False;NZW;1.0;1.0;1.0
Mean;8;MaxRows;False;NZW;1.0;1.0;1.0
Mean;9;From;False;NZW;1.0;1.0;1.0
Mean;9;To;False;NZW;1.0;1.0;1.0
Mean;9;MeanColumns;False;NZW;1.0;1.0;1.0
Mean;9;MeanRows;False;NZW;1.0;1.0;1.0
Mean;9;MaxColumns;False;NZW;1.0;1.0;1.0
Mean;9;MaxRows;False;NZW;1.0;1.0;1.0
Mean;10;From;False;NZW;1.0;1.0;1.0
Mean;10;To;False;NZW;1.0;1.0;1.0
Mean;10;MeanColumns;False;NZW;1.0;1.0;1.0
Mean;10;MeanRows;False;NZW;1.0;1.0;1.0
Mean;10;MaxColumns;False;NZW;1.0;1.0;1.0
Mean;10;MaxRows;False;NZW;1.0;1.0;1.0
Mean;11;From;False;NZW;1.0;1.0;1.0
Mean;11;To;False;NZW;1.0;1.0;1.0
Mean;11;MeanColumns;False;NZW;1.0;1.0;1.0
Mean;11;MeanRows;False;NZW;1.0;1.0;1.0
Mean;11;MaxColumns;False;NZW;1.0;1.0;1.0
Mean;11;MaxRows;False;NZW;1.0;1.0;1.0
Multi;Mean;From;False;NZW;1.0;1.0;1.0
Multi;Mean;To;False;NZW;1.0;1.0;1.0
Multi;Mean;MeanColumns;False;NZW;1.0;1.0;1.0
Multi;Mean;MeanRows;False;NZW;1.0;1.0;1.0
Multi;Mean;MaxColumns;False;NZW;1.0;1.0;1.0
Multi;Mean;MaxRows;False;NZW;1.0;1.0;1.0
Multi;Sum;From;False;NZW;1.0;1.0;1.0
Multi;Sum;To;False;NZW;1.0;1.0;1.0
Multi;Sum;MeanColumns;False;NZW;1.0;1.0;1.0
Multi;Sum;MeanRows;False;NZW;1.0;1.0;1.0
Multi;Sum;MaxColumns;False;NZW;1.0;1.0;1.0
Multi;Sum;MaxRows;False;NZW;1.0;1.0;1.0
Multi;0;From;False;NZW;1.0;1.0;1.0
Multi;0;To;False;NZW;1.0;1.0;1.0
Multi;0;MeanColumns;False;NZW;1.0;1.0;1.0
Multi;0;MeanRows;False;NZW;1.0;1.0;1.0
Multi;0;MaxColumns;False;NZW;1.0;1.0;1.0
Multi;0;MaxRows;False;NZW;1.0;1.0;1.0
Multi;1;From;False;NZW;1.0;1.0;1.0
Multi;1;To;False;NZW;1.0;1.0;1.0
Multi;1;MeanColumns;False;NZW;1.0;1.0;1.0
Multi;1;MeanRows;False;NZW;1.0;1.0;1.0
Multi;1;MaxColumns;False;NZW;1.0;1.0;1.0
Multi;1;MaxRows;False;NZW;1.0;1.0;1.0
Multi;2;From;False;NZW;1.0;1.0;1.0
Multi;2;To;False;NZW;1.0;1.0;1.0
Multi;2;MeanColumns;False;NZW;1.0;1.0;1.0
Multi;2;MeanRows;False;NZW;1.0;1.0;1.0
Multi;2;MaxColumns;False;NZW;1.0;1.0;1.0
Multi;2;MaxRows;False;NZW;1.0;1.0;1.0
Multi;3;From;False;NZW;0.9982311733607212;0.999859291025278;0.9966030556961643
Multi;3;To;False;NZW;1.0;1.0;1.0
Multi;3;MeanColumns;False;NZW;0.9982311733607212;0.999859291025278;0.9966030556961643
Multi;3;MeanRows;False;NZW;1.0;1.0;1.0
Multi;3;MaxColumns;False;NZW;0.9982311733607212;0.999859291025278;0.9966030556961643
Multi;3;MaxRows;False;NZW;1.0;1.0;1.0
Multi;4;From;False;NZW;1.0;1.0;1.0
Multi;4;To;False;NZW;1.0;1.0;1.0
Multi;4;MeanColumns;False;NZW;1.0;1.0;1.0
Multi;4;MeanRows;False;NZW;1.0;1.0;1.0
Multi;4;MaxColumns;False;NZW;1.0;1.0;1.0
Multi;4;MaxRows;False;NZW;1.0;1.0;1.0
Multi;5;From;False;NZW;1.0;1.0;1.0
Multi;5;To;False;NZW;1.0;1.0;1.0
Multi;5;MeanColumns;False;NZW;1.0;1.0;1.0
Multi;5;MeanRows;False;NZW;1.0;1.0;1.0
Multi;5;MaxColumns;False;NZW;1.0;1.0;1.0
Multi;5;MaxRows;False;NZW;1.0;1.0;1.0
Multi;6;From;False;NZW;0.9990408823470067;0.9989843785780131;0.9990973861160003
Multi;6;To;False;NZW;1.0;1.0;1.0
Multi;6;MeanColumns;False;NZW;0.9990408823470067;0.9989843785780131;0.9990973861160003
Multi;6;MeanRows;False;NZW;1.0;1.0;1.0
Multi;6;MaxColumns;False;NZW;0.9990408823470067;0.9989843785780131;0.9990973861160003
Multi;6;MaxRows;False;NZW;1.0;1.0;1.0
Multi;7;From;False;NZW;1.0;1.0;1.0
Multi;7;To;False;NZW;1.0;1.0;1.0
Multi;7;MeanColumns;False;NZW;1.0;1.0;1.0
Multi;7;MeanRows;False;NZW;1.0;1.0;1.0
Multi;7;MaxColumns;False;NZW;1.0;1.0;1.0
Multi;7;MaxRows;False;NZW;1.0;1.0;1.0
Multi;8;From;False;NZW;1.0;1.0;1.0
Multi;8;To;False;NZW;1.0;1.0;1.0
Multi;8;MeanColumns;False;NZW;1.0;1.0;1.0
Multi;8;MeanRows;False;NZW;1.0;1.0;1.0
Multi;8;MaxColumns;False;NZW;1.0;1.0;1.0
Multi;8;MaxRows;False;NZW;1.0;1.0;1.0
Multi;9;From;False;NZW;1.0;1.0;1.0
Multi;9;To;False;NZW;1.0;1.0;1.0
Multi;9;MeanColumns;False;NZW;1.0;1.0;1.0
Multi;9;MeanRows;False;NZW;1.0;1.0;1.0
Multi;9;MaxColumns;False;NZW;1.0;1.0;1.0
Multi;9;MaxRows;False;NZW;1.0;1.0;1.0
Multi;10;From;False;NZW;1.0;1.0;1.0
Multi;10;To;False;NZW;1.0;1.0;1.0
Multi;10;MeanColumns;False;NZW;1.0;1.0;1.0
Multi;10;MeanRows;False;NZW;1.0;1.0;1.0
Multi;10;MaxColumns;False;NZW;1.0;1.0;1.0
Multi;10;MaxRows;False;NZW;1.0;1.0;1.0
Multi;11;From;False;NZW;0.995460948611268;0.9967063586769375;0.9942155385455984
Multi;11;To;False;NZW;1.0;1.0;1.0
Multi;11;MeanColumns;False;NZW;0.995460948611268;0.9967063586769375;0.9942155385455984
Multi;11;MeanRows;False;NZW;1.0;1.0;1.0
Multi;11;MaxColumns;False;NZW;0.995460948611268;0.9967063586769375;0.9942155385455984
Multi;11;MaxRows;False;NZW;1.0;1.0;1.0
Sum;Mean;From;False;NZW;1.0;1.0;1.0
Sum;Mean;To;False;NZW;1.0;1.0;1.0
Sum;Mean;MeanColumns;False;NZW;1.0;1.0;1.0
Sum;Mean;MeanRows;False;NZW;1.0;1.0;1.0
Sum;Mean;MaxColumns;False;NZW;1.0;1.0;1.0
Sum;Mean;MaxRows;False;NZW;1.0;1.0;1.0
Sum;Sum;From;False;NZW;1.0;1.0;1.0
Sum;Sum;To;False;NZW;1.0;1.0;1.0
Sum;Sum;MeanColumns;False;NZW;1.0;1.0;1.0
Sum;Sum;MeanRows;False;NZW;1.0;1.0;1.0
Sum;Sum;MaxColumns;False;NZW;1.0;1.0;1.0
Sum;Sum;MaxRows;False;NZW;1.0;1.0;1.0
Sum;0;From;False;NZW;1.0;1.0;1.0
Sum;0;To;False;NZW;1.0;1.0;1.0
Sum;0;MeanColumns;False;NZW;1.0;1.0;1.0
Sum;0;MeanRows;False;NZW;1.0;1.0;1.0
Sum;0;MaxColumns;False;NZW;1.0;1.0;1.0
Sum;0;MaxRows;False;NZW;1.0;1.0;1.0
Sum;1;From;False;NZW;0.9999028973438249;0.9999671095204316;0.9998386851672181
Sum;1;To;False;NZW;1.0;1.0;1.0
Sum;1;MeanColumns;False;NZW;1.0;1.0;1.0
Sum;1;MeanRows;False;NZW;1.0;1.0;1.0
Sum;1;MaxColumns;False;NZW;1.0;1.0;1.0
Sum;1;MaxRows;False;NZW;1.0;1.0;1.0
Sum;2;From;False;NZW;1.0;1.0;1.0
Sum;2;To;False;NZW;1.0;1.0;1.0
Sum;2;MeanColumns;False;NZW;1.0;1.0;1.0
Sum;2;MeanRows;False;NZW;1.0;1.0;1.0
Sum;2;MaxColumns;False;NZW;1.0;1.0;1.0
Sum;2;MaxRows;False;NZW;1.0;1.0;1.0
Sum;3;From;False;NZW;1.0;1.0;1.0
Sum;3;To;False;NZW;1.0;1.0;1.0
Sum;3;MeanColumns;False;NZW;1.0;1.0;1.0
Sum;3;MeanRows;False;NZW;1.0;1.0;1.0
Sum;3;MaxColumns;False;NZW;1.0;1.0;1.0
Sum;3;MaxRows;False;NZW;1.0;1.0;1.0
Sum;4;From;False;NZW;1.0;1.0;1.0
Sum;4;To;False;NZW;1.0;1.0;1.0
Sum;4;MeanColumns;False;NZW;1.0;1.0;1.0
Sum;4;MeanRows;False;NZW;1.0;1.0;1.0
Sum;4;MaxColumns;False;NZW;1.0;1.0;1.0
Sum;4;MaxRows;False;NZW;1.0;1.0;1.0
Sum;5;From;False;NZW;0.9999569553078014;0.9999782027591025;0.9999357078565001
Sum;5;To;False;NZW;1.0;1.0;1.0
Sum;5;MeanColumns;False;NZW;1.0;1.0;1.0
Sum;5;MeanRows;False;NZW;1.0;1.0;1.0
Sum;5;MaxColumns;False;NZW;1.0;1.0;1.0
Sum;5;MaxRows;False;NZW;1.0;1.0;1.0
Sum;6;From;False;NZW;0.9999511682777207;0.9999666286989412;0.9999357078565001
Sum;6;To;False;NZW;1.0;1.0;1.0
Sum;6;MeanColumns;False;NZW;1.0;1.0;1.0
Sum;6;MeanRows;False;NZW;1.0;1.0;1.0
Sum;6;MaxColumns;False;NZW;1.0;1.0;1.0
Sum;6;MaxRows;False;NZW;1.0;1.0;1.0
Sum;7;From;False;NZW;0.9998815869581654;0.9999239042750813;0.9998392696412497
Sum;7;To;False;NZW;1.0;1.0;1.0
Sum;7;MeanColumns;False;NZW;1.0;1.0;1.0
Sum;7;MeanRows;False;NZW;1.0;1.0;1.0
Sum;7;MaxColumns;False;NZW;1.0;1.0;1.0
Sum;7;MaxRows;False;NZW;1.0;1.0;1.0
Sum;8;From;False;NZW;1.0;1.0;1.0
Sum;8;To;False;NZW;1.0;1.0;1.0
Sum;8;MeanColumns;False;NZW;1.0;1.0;1.0
Sum;8;MeanRows;False;NZW;1.0;1.0;1.0
Sum;8;MaxColumns;False;NZW;1.0;1.0;1.0
Sum;8;MaxRows;False;NZW;1.0;1.0;1.0
Sum;9;From;False;NZW;1.0;1.0;1.0
Sum;9;To;False;NZW;1.0;1.0;1.0
Sum;9;MeanColumns;False;NZW;1.0;1.0;1.0
Sum;9;MeanRows;False;NZW;1.0;1.0;1.0
Sum;9;MaxColumns;False;NZW;1.0;1.0;1.0
Sum;9;MaxRows;False;NZW;1.0;1.0;1.0
Sum;10;From;False;NZW;1.0;1.0;1.0
Sum;10;To;False;NZW;1.0;1.0;1.0
Sum;10;MeanColumns;False;NZW;1.0;1.0;1.0
Sum;10;MeanRows;False;NZW;1.0;1.0;1.0
Sum;10;MaxColumns;False;NZW;1.0;1.0;1.0
Sum;10;MaxRows;False;NZW;1.0;1.0;1.0
Sum;11;From;False;NZW;1.0;1.0;1.0
Sum;11;To;False;NZW;1.0;1.0;1.0
Sum;11;MeanColumns;False;NZW;1.0;1.0;1.0
Sum;11;MeanRows;False;NZW;1.0;1.0;1.0
Sum;11;MaxColumns;False;NZW;1.0;1.0;1.0
Sum;11;MaxRows;False;NZW;1.0;1.0;1.0
0;Mean;From;False;NZW;1.0;1.0;1.0
0;Mean;To;False;NZW;1.0;1.0;1.0
0;Mean;MeanColumns;False;NZW;1.0;1.0;1.0
0;Mean;MeanRows;False;NZW;1.0;1.0;1.0
0;Mean;MaxColumns;False;NZW;1.0;1.0;1.0
0;Mean;MaxRows;False;NZW;1.0;1.0;1.0
0;Sum;From;False;NZW;1.0;1.0;1.0
0;Sum;To;False;NZW;1.0;1.0;1.0
0;Sum;MeanColumns;False;NZW;1.0;1.0;1.0
0;Sum;MeanRows;False;NZW;1.0;1.0;1.0
0;Sum;MaxColumns;False;NZW;1.0;1.0;1.0
0;Sum;MaxRows;False;NZW;1.0;1.0;1.0
0;0;From;False;NZW;1.0;1.0;1.0
0;0;To;False;NZW;0.9998816001243047;0.9999453261808358;0.9998178740677736
0;0;MeanColumns;False;NZW;1.0;1.0;1.0
0;0;MeanRows;False;NZW;1.0;1.0;1.0
0;0;MaxColumns;False;NZW;1.0;1.0;1.0
0;0;MaxRows;False;NZW;1.0;1.0;1.0
0;1;From;False;NZW;0.8450800576869222;0.8370205320054311;0.8531395833684132
0;1;To;False;NZW;0.7003141235481525;0.7426939408212463;0.6579343062750587
0;1;MeanColumns;False;NZW;1.0;1.0;1.0
0;1;MeanRows;False;NZW;1.0;1.0;1.0
0;1;MaxColumns;False;NZW;1.0;1.0;1.0
0;1;MaxRows;False;NZW;1.0;1.0;1.0
0;2;From;False;NZW;1.0;1.0;1.0
0;2;To;False;NZW;0.9050084000173637;0.9326419589565648;0.8773748410781628
0;2;MeanColumns;False;NZW;1.0;1.0;1.0
0;2;MeanRows;False;NZW;1.0;1.0;1.0
0;2;MaxColumns;False;NZW;1.0;1.0;1.0
0;2;MaxRows;False;NZW;1.0;1.0;1.0
0;3;From;False;NZW;1.0;1.0;1.0
0;3;To;False;NZW;0.6868515467563312;0.6765046502363117;0.6971984432763506
0;3;MeanColumns;False;NZW;1.0;1.0;1.0
0;3;MeanRows;False;NZW;1.0;1.0;1.0
0;3;MaxColumns;False;NZW;1.0;1.0;1.0
0;3;MaxRows;False;NZW;1.0;1.0;1.0
0;4;From;False;NZW;1.0;1.0;1.0
0;4;To;False;NZW;0.9999942440742744;0.9999884881485489;1.0
0;4;MeanColumns;False;NZW;1.0;1.0;1.0
0;4;MeanRows;False;NZW;1.0;1.0;1.0
0;4;MaxColumns;False;NZW;1.0;1.0;1.0
0;4;MaxRows;False;NZW;1.0;1.0;1.0
0;5;From;False;NZW;0.8204093231703053;0.8261549702564799;0.8146636760841309
0;5;To;False;NZW;0.959412302714668;0.9606691771036554;0.9581554283256807
0;5;MeanColumns;False;NZW;1.0;1.0;1.0
0;5;MeanRows;False;NZW;1.0;1.0;1.0
0;5;MaxColumns;False;NZW;1.0;1.0;1.0
0;5;MaxRows;False;NZW;1.0;1.0;1.0
0;6;From;False;NZW;0.5309983121714523;0.5733646619765334;0.4886319623663713
0;6;To;False;NZW;0.9999211918517774;0.9998771923792278;0.999965191324327
0;6;MeanColumns;False;NZW;1.0;1.0;1.0
0;6;MeanRows;False;NZW;1.0;1.0;1.0
0;6;MaxColumns;False;NZW;1.0;1.0;1.0
0;6;MaxRows;False;NZW;1.0;1.0;1.0
0;7;From;False;NZW;0.9656574682362435;0.9751143288491416;0.9562006076233454
0;7;To;False;NZW;0.9976220482835192;0.9973454324754842;0.9978986640915543
0;7;MeanColumns;False;NZW;1.0;1.0;1.0
0;7;MeanRows;False;NZW;1.0;1.0;1.0
0;7;MaxColumns;False;NZW;1.0;1.0;1.0
0;7;MaxRows;False;NZW;1.0;1.0;1.0
0;8;From;False;NZW;0.9994301166292985;0.9995169247503468;0.9993433085082501
0;8;To;False;NZW;0.9656467488446067;0.9870535675921176;0.9442399300970957
0;8;MeanColumns;False;NZW;1.0;1.0;1.0
0;8;MeanRows;False;NZW;1.0;1.0;1.0
0;8;MaxColumns;False;NZW;1.0;1.0;1.0
0;8;MaxRows;False;NZW;1.0;1.0;1.0
0;9;From;False;NZW;0.9592094400213816;0.967665267214201;0.9507536128285623
0;9;To;False;NZW;0.9997663389843932;0.9996852586182852;0.9998474193505013
0;9;MeanColumns;False;NZW;1.0;1.0;1.0
0;9;MeanRows;False;NZW;1.0;1.0;1.0
0;9;MaxColumns;False;NZW;1.0;1.0;1.0
0;9;MaxRows;False;NZW;1.0;1.0;1.0
0;10;From;False;NZW;1.0;1.0;1.0
0;10;To;False;NZW;0.5823986078982102;0.5903374812860432;0.5744597345103771
0;10;MeanColumns;False;NZW;1.0;1.0;1.0
0;10;MeanRows;False;NZW;1.0;1.0;1.0
0;10;MaxColumns;False;NZW;0.9995808567038176;0.9993809661021356;0.9997807473054997
0;10;MaxRows;False;NZW;1.0;1.0;1.0
0;11;From;False;NZW;0.9253300674783471;0.9321303086575831;0.9185298262991111
0;11;To;False;NZW;0.9935804774163511;0.9927767306195623;0.99438422421314
0;11;MeanColumns;False;NZW;1.0;1.0;1.0
0;11;MeanRows;False;NZW;1.0;1.0;1.0
0;11;MaxColumns;False;NZW;1.0;1.0;1.0
0;11;MaxRows;False;NZW;1.0;1.0;1.0
1;Mean;From;False;NZW;1.0;1.0;1.0
1;Mean;To;False;NZW;1.0;1.0;1.0
1;Mean;MeanColumns;False;NZW;1.0;1.0;1.0
1;Mean;MeanRows;False;NZW;1.0;1.0;1.0
1;Mean;MaxColumns;False;NZW;1.0;1.0;1.0
1;Mean;MaxRows;False;NZW;1.0;1.0;1.0
1;Sum;From;False;NZW;1.0;1.0;1.0
1;Sum;To;False;NZW;1.0;1.0;1.0
1;Sum;MeanColumns;False;NZW;1.0;1.0;1.0
1;Sum;MeanRows;False;NZW;1.0;1.0;1.0
1;Sum;MaxColumns;False;NZW;1.0;1.0;1.0
1;Sum;MaxRows;False;NZW;1.0;1.0;1.0
1;0;From;False;NZW;1.0;1.0;1.0
1;0;To;False;NZW;0.9923069459426166;0.9886392559383774;0.9959746359468556
1;0;MeanColumns;False;NZW;1.0;1.0;1.0
1;0;MeanRows;False;NZW;1.0;1.0;1.0
1;0;MaxColumns;False;NZW;0.9999792347585237;0.9999872889973561;0.9999711805196912
1;0;MaxRows;False;NZW;1.0;1.0;1.0
1;1;From;False;NZW;0.9999262871997234;0.9999906134134322;0.9998619609860148
1;1;To;False;NZW;0.8957443005480188;0.9215510689598171;0.8699375321362206
1;1;MeanColumns;False;NZW;0.9999519798341198;0.999988036703394;0.9999159229648455
1;1;MeanRows;False;NZW;1.0;1.0;1.0
1;1;MaxColumns;False;NZW;0.9987788176600914;0.999224047953514;0.9983335873666686
1;1;MaxRows;False;NZW;1.0;1.0;1.0
1;2;From;False;NZW;1.0;1.0;1.0
1;2;To;False;NZW;0.9983630371391636;0.9986014148123593;0.998124659465968
1;2;MeanColumns;False;NZW;0.9999283480500128;0.9999386881048943;0.9999180079951314
1;2;MeanRows;False;NZW;1.0;1.0;1.0
1;2;MaxColumns;False;NZW;0.9998009652662683;0.9999238236917692;0.9996781068407673
1;2;MaxRows;False;NZW;1.0;1.0;1.0
1;3;From;False;NZW;0.9977974111256778;0.9978084761494747;0.9977863461018808
1;3;To;False;NZW;0.9908875952173457;0.9948296493668526;0.9869455410678387
1;3;MeanColumns;False;NZW;0.997933289168194;0.9998646068219802;0.9960019715144078
1;3;MeanRows;False;NZW;1.0;1.0;1.0
1;3;MaxColumns;False;NZW;0.9990605008328708;0.9996122639352579;0.9985087377304835
1;3;MaxRows;False;NZW;1.0;1.0;1.0
1;4;From;False;NZW;1.0;1.0;1.0
1;4;To;False;NZW;0.7504429275405149;0.7701800273575444;0.7307058277234854
1;4;MeanColumns;False;NZW;0.9999700408351272;0.9999894805495362;0.9999506011207182
1;4;MeanRows;False;NZW;1.0;1.0;1.0
1;4;MaxColumns;False;NZW;0.9995198046027164;0.9996194883008731;0.9994201209045597
1;4;MaxRows;False;NZW;1.0;1.0;1.0
1;5;From;False;NZW;1.0;1.0;1.0
1;5;To;False;NZW;0.9924437295203459;0.9920789937142365;0.9928084653264552
1;5;MeanColumns;False;NZW;0.9999954995499549;1.0;0.99999099909991
1;5;MeanRows;False;NZW;1.0;1.0;1.0
1;5;MaxColumns;False;NZW;0.9999322386989831;1.0;0.999864477397966
1;5;MaxRows;False;NZW;1.0;1.0;1.0
1;6;From;False;NZW;0.9990264745841914;0.9982985611612761;0.9997543880071066
1;6;To;False;NZW;0.9734214231761756;0.975530736788546;0.9713121095638053
1;6;MeanColumns;False;NZW;0.9824437363242481;0.9824640672975288;0.9824234053509674
1;6;MeanRows;False;NZW;1.0;1.0;1.0
1;6;MaxColumns;False;NZW;0.9794122495845277;0.9787634190264739;0.9800610801425815
1;6;MaxRows;False;NZW;1.0;1.0;1.0
1;7;From;False;NZW;0.9997548953980067;1.0;0.9995097907960132
1;7;To;False;NZW;0.9999487297103178;0.9999765335335806;0.9999209258870551
1;7;MeanColumns;False;NZW;0.9999035658386761;0.9998399100748093;0.999967221602543
1;7;MeanRows;False;NZW;1.0;1.0;1.0
1;7;MaxColumns;False;NZW;0.9999018521785242;0.9998037043570485;1.0
1;7;MaxRows;False;NZW;1.0;1.0;1.0
1;8;From;False;NZW;1.0;1.0;1.0
1;8;To;False;NZW;0.9999938987187309;0.9999877974374619;1.0
1;8;MeanColumns;False;NZW;1.0;1.0;1.0
1;8;MeanRows;False;NZW;1.0;1.0;1.0
1;8;MaxColumns;False;NZW;1.0;1.0;1.0
1;8;MaxRows;False;NZW;1.0;1.0;1.0
1;9;From;False;NZW;1.0;1.0;1.0
1;9;To;False;NZW;1.0;1.0;1.0
1;9;MeanColumns;False;NZW;1.0;1.0;1.0
1;9;MeanRows;False;NZW;1.0;1.0;1.0
1;9;MaxColumns;False;NZW;1.0;1.0;1.0
1;9;MaxRows;False;NZW;1.0;1.0;1.0
1;10;From;False;NZW;1.0;1.0;1.0
1;10;To;False;NZW;0.9679988810919741;0.9693001982182337;0.9666975639657145
1;10;MeanColumns;False;NZW;1.0;1.0;1.0
1;10;MeanRows;False;NZW;1.0;1.0;1.0
1;10;MaxColumns;False;NZW;0.9998956359782922;0.9997912719565846;1.0
1;10;MaxRows;False;NZW;1.0;1.0;1.0
1;11;From;False;NZW;1.0;1.0;1.0
1;11;To;False;NZW;0.9879224963578721;0.9879670601910682;0.9878779325246762
1;11;MeanColumns;False;NZW;1.0;1.0;1.0
1;11;MeanRows;False;NZW;1.0;1.0;1.0
1;11;MaxColumns;False;NZW;1.0;1.0;1.0
1;11;MaxRows;False;NZW;1.0;1.0;1.0
2;Mean;From;False;NZW;0.9996914810401747;0.9999667202839869;0.9994162417963623
2;Mean;To;False;NZW;1.0;1.0;1.0
2;Mean;MeanColumns;False;NZW;1.0;1.0;1.0
2;Mean;MeanRows;False;NZW;1.0;1.0;1.0
2;Mean;MaxColumns;False;NZW;1.0;1.0;1.0
2;Mean;MaxRows;False;NZW;1.0;1.0;1.0
2;Sum;From;False;NZW;0.9996914810401747;0.9999667202839869;0.9994162417963623
2;Sum;To;False;NZW;1.0;1.0;1.0
2;Sum;MeanColumns;False;NZW;1.0;1.0;1.0
2;Sum;MeanRows;False;NZW;1.0;1.0;1.0
2;Sum;MaxColumns;False;NZW;1.0;1.0;1.0
2;Sum;MaxRows;False;NZW;1.0;1.0;1.0
2;0;From;False;NZW;0.9076908083580417;0.8986141425607199;0.9167674741553635
2;0;To;False;NZW;0.3286357530775267;0.342826465968581;0.3144450401864723
2;0;MeanColumns;False;NZW;0.9549521815284518;0.9548622664521123;0.9550420966047916
2;0;MeanRows;False;NZW;1.0;1.0;1.0
2;0;MaxColumns;False;NZW;0.9556606318425048;0.9544330528999069;0.9568882107851028
2;0;MaxRows;False;NZW;1.0;1.0;1.0
2;1;From;False;NZW;0.9991047256817358;0.998405502495092;0.9998039488683798
2;1;To;False;NZW;0.9726317687073744;0.9908270618335755;0.9544364755811733
2;1;MeanColumns;False;NZW;0.9974895015885462;0.9964230802867592;0.9985559228903332
2;1;MeanRows;False;NZW;1.0;1.0;1.0
2;1;MaxColumns;False;NZW;0.987801443986098;0.9863678695790742;0.9892350183931218
2;1;MaxRows;False;NZW;1.0;1.0;1.0
2;2;From;False;NZW;0.7853470673213019;0.9844982496222289;0.586195885020375
2;2;To;False;NZW;0.9976843360754816;0.9965999918027709;0.9987686803481922
2;2;MeanColumns;False;NZW;0.9988749013487512;0.9999778135226579;0.9977719891748447
2;2;MeanRows;False;NZW;1.0;1.0;1.0
2;2;MaxColumns;False;NZW;0.9938323013597665;0.9993815914529156;0.9882830112666176
2;2;MaxRows;False;NZW;1.0;1.0;1.0
2;3;From;False;NZW;0.929406657845228;0.9938547763213167;0.8649585393691392
2;3;To;False;NZW;0.9965003288229795;0.9991285763678237;0.9938720812781351
2;3;MeanColumns;False;NZW;0.9835646347032148;0.9959467821660924;0.971182487240337
2;3;MeanRows;False;NZW;1.0;1.0;1.0
2;3;MaxColumns;False;NZW;0.9967443832359268;0.9986696106398892;0.9948191558319643
2;3;MaxRows;False;NZW;1.0;1.0;1.0
2;4;From;False;NZW;1.0;1.0;1.0
2;4;To;False;NZW;0.9998790589352339;0.9998866152400867;0.999871502630381
2;4;MeanColumns;False;NZW;1.0;1.0;1.0
2;4;MeanRows;False;NZW;1.0;1.0;1.0
2;4;MaxColumns;False;NZW;0.999928856888927;1.0;0.9998577137778539
2;4;MaxRows;False;NZW;1.0;1.0;1.0
2;5;From;False;NZW;0.6743105917609232;0.8779192076856127;0.4707019758362338
2;5;To;False;NZW;0.9994685501657141;0.9994010205156344;0.9995360798157938
2;5;MeanColumns;False;NZW;1.0;1.0;1.0
2;5;MeanRows;False;NZW;1.0;1.0;1.0
2;5;MaxColumns;False;NZW;0.9984546926338725;0.9996834106408523;0.9972259746268928
2;5;MaxRows;False;NZW;1.0;1.0;1.0
2;6;From;False;NZW;1.0;1.0;1.0
2;6;To;False;NZW;0.9888782054664618;0.9860865545492261;0.9916698563836973
2;6;MeanColumns;False;NZW;1.0;1.0;1.0
2;6;MeanRows;False;NZW;1.0;1.0;1.0
2;6;MaxColumns;False;NZW;1.0;1.0;1.0
2;6;MaxRows;False;NZW;1.0;1.0;1.0
2;7;From;False;NZW;1.0;1.0;1.0
2;7;To;False;NZW;0.9998413064144085;0.9998531020486416;0.9998295107801752
2;7;MeanColumns;False;NZW;0.9999447437475318;0.999913174074248;0.9999763134208157
2;7;MeanRows;False;NZW;1.0;1.0;1.0
2;7;MaxColumns;False;NZW;0.9999341519877467;0.9998919905546778;0.9999763134208157
2;7;MaxRows;False;NZW;1.0;1.0;1.0
2;8;From;False;NZW;0.999714018490268;0.9998826230814536;0.9995454138990822
2;8;To;False;NZW;0.9845900702973263;0.9904064138473943;0.9787737267472582
2;8;MeanColumns;False;NZW;1.0;1.0;1.0
2;8;MeanRows;False;NZW;1.0;1.0;1.0
2;8;MaxColumns;False;NZW;0.9994287052663318;0.9998650412204075;0.998992369312256
2;8;MaxRows;False;NZW;1.0;1.0;1.0
2;9;From;False;NZW;0.8106449857993812;0.7511324894738104;0.8701574821249519
2;9;To;False;NZW;0.3234344167577501;0.3369785468206804;0.3098902866948198
2;9;MeanColumns;False;NZW;0.9988550130083593;0.9987520267173472;0.9989579992993713
2;9;MeanRows;False;NZW;1.0;1.0;1.0
2;9;MaxColumns;False;NZW;0.9991484361291221;0.9989888244074293;0.999308047850815
2;9;MaxRows;False;NZW;1.0;1.0;1.0
2;10;From;False;NZW;0.9997683591888601;1.0;0.9995367183777202
2;10;To;False;NZW;0.9269995268601772;0.9713960594179677;0.8826029943023868
2;10;MeanColumns;False;NZW;0.9627880554349997;0.9996985680982808;0.9258775427717185
2;10;MeanRows;False;NZW;1.0;1.0;1.0
2;10;MaxColumns;False;NZW;0.9865814327733367;0.998061433068299;0.9751014324783743
2;10;MaxRows;False;NZW;1.0;1.0;1.0
2;11;From;False;NZW;0.9990748164209956;0.9995531809029627;0.9985964519390285
2;11;To;False;NZW;0.9985192577007412;0.9988972608872657;0.9981412545142168
2;11;MeanColumns;False;NZW;0.9992853387062555;0.9990373643938365;0.9995333130186744
2;11;MeanRows;False;NZW;1.0;1.0;1.0
2;11;MaxColumns;False;NZW;0.9989149870194309;0.9982652575136035;0.9995647165252582
2;11;MaxRows;False;NZW;1.0;1.0;1.0
3;Mean;From;False;NZW;0.9949806659359139;0.9999651782616646;0.9899961536101632
3;Mean;To;False;NZW;1.0;1.0;1.0
3;Mean;MeanColumns;False;NZW;1.0;1.0;1.0
3;Mean;MeanRows;False;NZW;1.0;1.0;1.0
3;Mean;MaxColumns;False;NZW;1.0;1.0;1.0
3;Mean;MaxRows;False;NZW;1.0;1.0;1.0
3;Sum;From;False;NZW;0.9949806659359139;0.9999651782616646;0.9899961536101632
3;Sum;To;False;NZW;1.0;1.0;1.0
3;Sum;MeanColumns;False;NZW;1.0;1.0;1.0
3;Sum;MeanRows;False;NZW;1.0;1.0;1.0
3;Sum;MaxColumns;False;NZW;1.0;1.0;1.0
3;Sum;MaxRows;False;NZW;1.0;1.0;1.0
3;0;From;False;NZW;0.9818884332054632;0.9783284874463022;0.985448378964624
3;0;To;False;NZW;0.9838413571606528;0.9758737210609202;0.9918089932603854
3;0;MeanColumns;False;NZW;0.8540364924652819;0.894432364241459;0.8136406206891047
3;0;MeanRows;False;NZW;1.0;1.0;1.0
3;0;MaxColumns;False;NZW;0.7818623268815312;0.841963811123485;0.7217608426395776
3;0;MaxRows;False;NZW;1.0;1.0;1.0
3;1;From;False;NZW;0.9545513271260995;0.9995907175996409;0.9095119366525581
3;1;To;False;NZW;0.9991409619801233;0.9993865267587927;0.9988953972014537
3;1;MeanColumns;False;NZW;0.9888962929102705;0.998046544763401;0.9797460410571399
3;1;MeanRows;False;NZW;1.0;1.0;1.0
3;1;MaxColumns;False;NZW;0.9975829867633986;0.9993296409663109;0.9958363325604863
3;1;MaxRows;False;NZW;1.0;1.0;1.0
3;2;From;False;NZW;0.9953854440515599;0.9988260606284413;0.9919448274746785
3;2;To;False;NZW;0.9991106914099226;0.9997144663867559;0.9985069164330894
3;2;MeanColumns;False;NZW;0.9966579685842318;0.9982305698170143;0.9950853673514494
3;2;MeanRows;False;NZW;1.0;1.0;1.0
3;2;MaxColumns;False;NZW;0.9970085400096427;0.999047652312252;0.9949694277070334
3;2;MaxRows;False;NZW;1.0;1.0;1.0
3;3;From;False;NZW;0.9436517888722389;0.99130797086234;0.8959956068821379
3;3;To;False;NZW;0.9687532279486687;0.9829689864293357;0.9545374694680017
3;3;MeanColumns;False;NZW;0.9994301575008383;0.9995199641810121;0.9993403508206645
3;3;MeanRows;False;NZW;1.0;1.0;1.0
3;3;MaxColumns;False;NZW;0.998814777298265;0.9991751129750019;0.9984544416215281
3;3;MaxRows;False;NZW;1.0;1.0;1.0
3;4;From;False;NZW;0.8351652508152081;0.9848073500440593;0.6855231515863568
3;4;To;False;NZW;0.9945779809060165;0.9975727046341183;0.9915832571779147
3;4;MeanColumns;False;NZW;0.9368578222238263;0.9671844793181731;0.9065311651294795
3;4;MeanRows;False;NZW;1.0;1.0;1.0
3;4;MaxColumns;False;NZW;0.9768181279744343;0.9836723065019733;0.9699639494468955
3;4;MaxRows;False;NZW;1.0;1.0;1.0
3;5;From;False;NZW;0.9450210713727553;0.9641714730508745;0.925870669694636
3;5;To;False;NZW;0.5918164264177197;0.5604416882602553;0.623191164575184
3;5;MeanColumns;False;NZW;0.9999259592967169;0.9998818235447133;0.9999700950487206
3;5;MeanRows;False;NZW;1.0;1.0;1.0
3;5;MaxColumns;False;NZW;0.9997748703987002;0.9998080879765278;0.9997416528208727
3;5;MaxRows;False;NZW;1.0;1.0;1.0
3;6;From;False;NZW;0.9636239323300047;0.9901518775607744;0.9370959870992349
3;6;To;False;NZW;0.9999916658332499;1.0;0.9999833316665
3;6;MeanColumns;False;NZW;0.9962527286983909;0.9982236557999931;0.9942818015967887
3;6;MeanRows;False;NZW;1.0;1.0;1.0
3;6;MaxColumns;False;NZW;0.996668886496854;0.9982543527280584;0.9950834202656497
3;6;MaxRows;False;NZW;1.0;1.0;1.0
3;7;From;False;NZW;0.9847600589644616;0.9996930275268648;0.9698270904020584
3;7;To;False;NZW;0.9999440275835363;1.0;0.9998880551670727
3;7;MeanColumns;False;NZW;0.9991714236650178;0.9996163179253117;0.998726529404724
3;7;MeanRows;False;NZW;1.0;1.0;1.0
3;7;MaxColumns;False;NZW;0.9995850597353869;0.9996795536577685;0.9994905658130053
3;7;MaxRows;False;NZW;1.0;1.0;1.0
3;8;From;False;NZW;0.9657904327307265;0.9638890102222539;0.9676918552391991
3;8;To;False;NZW;0.9880933741322342;0.9844292584928105;0.991757489771658
3;8;MeanColumns;False;NZW;0.9811050676655705;0.9641175432977518;0.9980925920333892
3;8;MeanRows;False;NZW;1.0;1.0;1.0
3;8;MaxColumns;False;NZW;0.9873742008728803;0.9802137550039072;0.9945346467418534
3;8;MaxRows;False;NZW;1.0;1.0;1.0
3;9;From;False;NZW;0.9457797278332227;0.9882707214015213;0.9032887342649242
3;9;To;False;NZW;0.7677845722803585;0.713737430770524;0.8218317137901928
3;9;MeanColumns;False;NZW;0.9899422465536001;0.9940337561309903;0.9858507369762097
3;9;MeanRows;False;NZW;1.0;1.0;1.0
3;9;MaxColumns;False;NZW;0.9791002963359644;0.9874999783890479;0.9707006142828809
3;9;MaxRows;False;NZW;1.0;1.0;1.0
3;10;From;False;NZW;0.9437363196021166;0.9974217822185276;0.8900508569857055
3;10;To;False;NZW;0.9629540170487837;0.9969343677273362;0.9289736663702312
3;10;MeanColumns;False;NZW;0.9871271516420643;0.9989223379355454;0.9753319653485834
3;10;MeanRows;False;NZW;1.0;1.0;1.0
3;10;MaxColumns;False;NZW;0.9947953227686894;0.9962550924247927;0.9933355531125861
3;10;MaxRows;False;NZW;1.0;1.0;1.0
3;11;From;False;NZW;0.954278498846876;0.9853372599294654;0.9232197377642865
3;11;To;False;NZW;0.8135109798136464;0.8089000278123761;0.8181219318149167
3;11;MeanColumns;False;NZW;0.9986531492482209;0.9978105936736841;0.9994957048227578
3;11;MeanRows;False;NZW;1.0;1.0;1.0
3;11;MaxColumns;False;NZW;0.997018425318047;0.9965089965553589;0.9975278540807351
3;11;MaxRows;False;NZW;1.0;1.0;1.0
4;Mean;From;False;NZW;0.9225512108942386;0.9918354534042854;0.853266968384192
4;Mean;To;False;NZW;0.9999913452883751;1.0;0.99998269057675
4;Mean;MeanColumns;False;NZW;0.9999347392366356;1.0;0.9998694784732711
4;Mean;MeanRows;False;NZW;1.0;1.0;1.0
4;Mean;MaxColumns;False;NZW;1.0;1.0;1.0
4;Mean;MaxRows;False;NZW;1.0;1.0;1.0
4;Sum;From;False;NZW;0.9225512108942386;0.9918354534042854;0.853266968384192
4;Sum;To;False;NZW;0.9999913452883751;1.0;0.99998269057675
4;Sum;MeanColumns;False;NZW;0.9999347392366356;1.0;0.9998694784732711
4;Sum;MeanRows;False;NZW;1.0;1.0;1.0
4;Sum;MaxColumns;False;NZW;1.0;1.0;1.0
4;Sum;MaxRows;False;NZW;1.0;1.0;1.0
4;0;From;False;NZW;0.8122451140422626;0.8993398300444178;0.7251503980401074
4;0;To;False;NZW;0.8080017440034926;0.9853879926850353;0.6306154953219498
4;0;MeanColumns;False;NZW;0.7048135385855957;0.8611039233446035;0.5485231538265879
4;0;MeanRows;False;NZW;1.0;1.0;1.0
4;0;MaxColumns;False;NZW;0.8012834553816446;0.8178341122781502;0.784732798485139
4;0;MaxRows;False;NZW;1.0;1.0;1.0
4;1;From;False;NZW;0.7547825165757824;0.965505963173194;0.5440590699783707
4;1;To;False;NZW;0.9422791303955915;0.9464045197881269;0.938153741003056
4;1;MeanColumns;False;NZW;0.9992797251568348;0.9985831368928538;0.9999763134208157
4;1;MeanRows;False;NZW;1.0;1.0;1.0
4;1;MaxColumns;False;NZW;0.9989655998817564;0.9998345043571736;0.9980966954063392
4;1;MaxRows;False;NZW;1.0;1.0;1.0
4;2;From;False;NZW;0.8626105495168455;0.9378144193780243;0.7874066796556665
4;2;To;False;NZW;0.9585667527108301;0.9996354397377485;0.9174980656839117
4;2;MeanColumns;False;NZW;0.986486958138147;0.9952042255517287;0.9777696907245652
4;2;MeanRows;False;NZW;1.0;1.0;1.0
4;2;MaxColumns;False;NZW;0.9808028800145863;0.9785613768331445;0.9830443831960279
4;2;MaxRows;False;NZW;1.0;1.0;1.0
4;3;From;False;NZW;0.9688392960864827;0.9956785921248248;0.9420000000481407
4;3;To;False;NZW;0.9887608908159085;0.9938188967690408;0.9837028848627761
4;3;MeanColumns;False;NZW;0.9462987285290791;0.9831946790870594;0.909402777971099
4;3;MeanRows;False;NZW;1.0;1.0;1.0
4;3;MaxColumns;False;NZW;0.9115760576459804;0.9384077848227097;0.8847443304692512
4;3;MaxRows;False;NZW;1.0;1.0;1.0
4;4;From;False;NZW;0.8897409971572259;0.9864573401872717;0.7930246541271799
4;4;To;False;NZW;0.9819783487904452;0.9974747760525738;0.9664819215283165
4;4;MeanColumns;False;NZW;0.9965755121852928;0.9982689305793171;0.9948820937912687
4;4;MeanRows;False;NZW;1.0;1.0;1.0
4;4;MaxColumns;False;NZW;0.9968546991101148;0.9969885827354337;0.9967208154847959
4;4;MaxRows;False;NZW;1.0;1.0;1.0
4;5;From;False;NZW;0.8942465569131135;0.9689373746855877;0.8195557391406394
4;5;To;False;NZW;0.9264745330267983;0.9530722208408152;0.8998768452127812
4;5;MeanColumns;False;NZW;0.9853415994924698;0.9838228212505441;0.9868603777343955
4;5;MeanRows;False;NZW;1.0;1.0;1.0
4;5;MaxColumns;False;NZW;0.9780904452240011;0.9739739316693367;0.9822069587786656
4;5;MaxRows;False;NZW;1.0;1.0;1.0
4;6;From;False;NZW;0.861683413128933;0.9269226268899006;0.7964441993679655
4;6;To;False;NZW;0.9873162236807493;0.9933537057295284;0.9812787416319702
4;6;MeanColumns;False;NZW;0.9949226381438456;0.9948381578557793;0.995007118431912
4;6;MeanRows;False;NZW;1.0;1.0;1.0
4;6;MaxColumns;False;NZW;0.9891340743487786;0.9848329958913523;0.993435152806205
4;6;MaxRows;False;NZW;1.0;1.0;1.0
4;7;From;False;NZW;0.954073542217333;0.9859976632288117;0.9221494212058544
4;7;To;False;NZW;0.9596953216582857;0.9698221733638567;0.9495684699527148
4;7;MeanColumns;False;NZW;0.9920226800770191;0.9960058545426261;0.9880395056114121
4;7;MeanRows;False;NZW;1.0;1.0;1.0
4;7;MaxColumns;False;NZW;0.9754929075250729;0.9810116718798584;0.9699741431702873
4;7;MaxRows;False;NZW;1.0;1.0;1.0
4;8;From;False;NZW;0.9063464310166213;0.9873526373876366;0.825340224645606
4;8;To;False;NZW;0.9765867381796081;0.9884885508525669;0.9646849255066493
4;8;MeanColumns;False;NZW;0.9902508261802261;0.9976624764872146;0.9828391758732377
4;8;MeanRows;False;NZW;1.0;1.0;1.0
4;8;MaxColumns;False;NZW;0.9859096493164725;0.9874917582780396;0.9843275403549056
4;8;MaxRows;False;NZW;1.0;1.0;1.0
4;9;From;False;NZW;0.8615905233386787;0.9767335055004333;0.7464475411769241
4;9;To;False;NZW;0.9879760917544214;0.9996945729386193;0.9762576105702233
4;9;MeanColumns;False;NZW;0.9951692536239809;0.9999322543476553;0.9904062529003065
4;9;MeanRows;False;NZW;1.0;1.0;1.0
4;9;MaxColumns;False;NZW;0.9988261917294767;0.9991834508744504;0.998468932584503
4;9;MaxRows;False;NZW;1.0;1.0;1.0
4;10;From;False;NZW;0.9210054207565237;0.9744286767144922;0.8675821647985553
4;10;To;False;NZW;0.9804329772994937;0.9900007816504038;0.9708651729485837
4;10;MeanColumns;False;NZW;0.9983171448136412;0.9984713823564239;0.9981629072708587
4;10;MeanRows;False;NZW;1.0;1.0;1.0
4;10;MaxColumns;False;NZW;0.9976354416426387;0.9965496960416346;0.998721187243643
4;10;MaxRows;False;NZW;1.0;1.0;1.0
4;11;From;False;NZW;0.810584638821903;0.8754451032400403;0.7457241744037657
4;11;To;False;NZW;0.9476047768237384;0.9406095673563537;0.9545999862911232
4;11;MeanColumns;False;NZW;0.9960596450856898;0.9988706079921218;0.9932486821792578
4;11;MeanRows;False;NZW;1.0;1.0;1.0
4;11;MaxColumns;False;NZW;0.9872451169846633;0.9867913991424672;0.9876988348268595
4;11;MaxRows;False;NZW;1.0;1.0;1.0
5;Mean;From;False;NZW;0.9726155113757293;0.9906480001590156;0.9545830225924432
5;Mean;To;False;NZW;0.9998196992199214;0.9999382740505377;0.9997011243893051
5;Mean;MeanColumns;False;NZW;0.9980255882832894;0.9998367153114912;0.9962144612550876
5;Mean;MeanRows;False;NZW;1.0;1.0;1.0
5;Mean;MaxColumns;False;NZW;0.9999902164129457;1.0;0.9999804328258913
5;Mean;MaxRows;False;NZW;1.0;1.0;1.0
5;Sum;From;False;NZW;0.9726155113757293;0.9906480001590156;0.9545830225924432
5;Sum;To;False;NZW;0.9998196992199214;0.9999382740505377;0.9997011243893051
5;Sum;MeanColumns;False;NZW;0.9980255882832894;0.9998367153114912;0.9962144612550876
5;Sum;MeanRows;False;NZW;1.0;1.0;1.0
5;Sum;MaxColumns;False;NZW;0.9999902164129457;1.0;0.9999804328258913
5;Sum;MaxRows;False;NZW;1.0;1.0;1.0
5;0;From;False;NZW;0.7666882204255392;0.7733090227465091;0.7600674181045691
5;0;To;False;NZW;0.9052951566622716;0.9145558473857378;0.8960344659388052
5;0;MeanColumns;False;NZW;0.9959168005709405;0.9979819977298712;0.9938516034120098
5;0;MeanRows;False;NZW;1.0;1.0;1.0
5;0;MaxColumns;False;NZW;0.996351790864028;0.9952017666969409;0.9975018150311152
5;0;MaxRows;False;NZW;1.0;1.0;1.0
5;1;From;False;NZW;0.8272117224594269;0.7847498134811393;0.8696736314377146
5;1;To;False;NZW;0.9133526962142087;0.9005064208859594;0.9261989715424578
5;1;MeanColumns;False;NZW;0.9696985920190447;0.9723348014375797;0.9670623826005098
5;1;MeanRows;False;NZW;1.0;1.0;1.0
5;1;MaxColumns;False;NZW;0.9273062548129336;0.932866468233194;0.9217460413926731
5;1;MaxRows;False;NZW;1.0;1.0;1.0
5;2;From;False;NZW;0.6700697790753236;0.9003162461351767;0.43982331201547054
5;2;To;False;NZW;0.9715828561411621;0.9897209752552547;0.9534447370270697
5;2;MeanColumns;False;NZW;0.9030862319002165;0.9826374654661;0.8235349983343331
5;2;MeanRows;False;NZW;1.0;1.0;1.0
5;2;MaxColumns;False;NZW;0.9370039390757637;0.9810942783775564;0.8929135997739711
5;2;MaxRows;False;NZW;1.0;1.0;1.0
5;3;From;False;NZW;0.8236508569179288;0.8746064812437041;0.7726952325921536
5;3;To;False;NZW;0.9885089335701767;0.9963940963225102;0.9806237708178432
5;3;MeanColumns;False;NZW;0.9801824444215865;0.9871254690146544;0.9732394198285187
5;3;MeanRows;False;NZW;1.0;1.0;1.0
5;3;MaxColumns;False;NZW;0.9818729717945385;0.9850757327493187;0.9786702108397584
5;3;MaxRows;False;NZW;1.0;1.0;1.0
5;4;From;False;NZW;0.9825356631074099;0.989329551356089;0.9757417748587308
5;4;To;False;NZW;0.9292434798700865;0.9929581981218054;0.8655287616183676
5;4;MeanColumns;False;NZW;0.9693404526930984;0.9912825116154035;0.9473983937707935
5;4;MeanRows;False;NZW;1.0;1.0;1.0
5;4;MaxColumns;False;NZW;0.995977974967794;0.9966540102760781;0.99530193965951
5;4;MaxRows;False;NZW;1.0;1.0;1.0
5;5;From;False;NZW;0.8913969922383869;0.9251383858555364;0.8576555986212373
5;5;To;False;NZW;0.9785758425204767;0.9890373280285583;0.9681143570123951
5;5;MeanColumns;False;NZW;0.9590278640251992;0.9885069782523771;0.9295487497980215
5;5;MeanRows;False;NZW;1.0;1.0;1.0
5;5;MaxColumns;False;NZW;0.9186046618220811;0.9597590093575143;0.8774503142866478
5;5;MaxRows;False;NZW;1.0;1.0;1.0
5;6;From;False;NZW;0.8992120427891812;0.8891214511576535;0.909302634420709
5;6;To;False;NZW;0.9531113864591323;0.9563925007381634;0.9498302721801013
5;6;MeanColumns;False;NZW;0.9522235074509169;0.9735179909512441;0.9309290239505896
5;6;MeanRows;False;NZW;1.0;1.0;1.0
5;6;MaxColumns;False;NZW;0.8917382504371281;0.9502321018509384;0.8332443990233176
5;6;MaxRows;False;NZW;1.0;1.0;1.0
5;7;From;False;NZW;0.7024220196741136;0.7363193465504234;0.6685246927978036
5;7;To;False;NZW;0.8191958767593324;0.809688389364963;0.8287033641537018
5;7;MeanColumns;False;NZW;0.9047760012739404;0.9678285062739344;0.8417234962739465
5;7;MeanRows;False;NZW;1.0;1.0;1.0
5;7;MaxColumns;False;NZW;0.8582265720792062;0.9443441452627458;0.7721089988956665
5;7;MaxRows;False;NZW;1.0;1.0;1.0
5;8;From;False;NZW;0.9601007581536967;0.9953902395206878;0.9248112767867054
5;8;To;False;NZW;0.9514388980874493;0.9689141527719568;0.9339636434029417
5;8;MeanColumns;False;NZW;0.9900994383475568;0.9976655679579403;0.9825333087371731
5;8;MeanRows;False;NZW;1.0;1.0;1.0
5;8;MaxColumns;False;NZW;0.9944964273248027;0.9925239717345334;0.9964688829150721
5;8;MaxRows;False;NZW;1.0;1.0;1.0
5;9;From;False;NZW;0.490433520963539;0.3980928060818355;0.5827742358452425
5;9;To;False;NZW;0.6390009730158068;0.5652417499771607;0.712760196054453
5;9;MeanColumns;False;NZW;0.9889860074796204;0.983424107434997;0.9945479075242438
5;9;MeanRows;False;NZW;1.0;1.0;1.0
5;9;MaxColumns;False;NZW;0.9858220583549975;0.9807945252995547;0.9908495914104402
5;9;MaxRows;False;NZW;1.0;1.0;1.0
5;10;From;False;NZW;0.8193273394149911;0.7680296858307382;0.8706249929992441
5;10;To;False;NZW;0.8414348446389335;0.7916378139470541;0.8912318753308129
5;10;MeanColumns;False;NZW;0.985158360659437;0.9852289884304055;0.9850877328884685
5;10;MeanRows;False;NZW;1.0;1.0;1.0
5;10;MaxColumns;False;NZW;0.9790106078700254;0.9839441613557702;0.9740770543842804
5;10;MaxRows;False;NZW;1.0;1.0;1.0
5;11;From;False;NZW;0.8843493577368376;0.9299810861438128;0.8387176293298625
5;11;To;False;NZW;0.9411494593146998;0.9304284221284571;0.9518704965009426
5;11;MeanColumns;False;NZW;0.9695701971555541;0.9832203019258161;0.9559200923852923
5;11;MeanRows;False;NZW;1.0;1.0;1.0
5;11;MaxColumns;False;NZW;0.9368934384025963;0.9394429434376536;0.9343439333675391
5;11;MaxRows;False;NZW;1.0;1.0;1.0
6;Mean;From;False;NZW;0.8734211826530148;0.9307990144578389;0.8160433508481908
6;Mean;To;False;NZW;0.9999158595564919;0.999931854126485;0.9998998649864987
6;Mean;MeanColumns;False;NZW;0.9967563684519786;0.999988906761329;0.9935238301426281
6;Mean;MeanRows;False;NZW;1.0;1.0;1.0
6;Mean;MaxColumns;False;NZW;1.0;1.0;1.0
6;Mean;MaxRows;False;NZW;1.0;1.0;1.0
6;Sum;From;False;NZW;0.8734211826530148;0.9307990144578389;0.8160433508481908
6;Sum;To;False;NZW;0.9999158595564919;0.999931854126485;0.9998998649864987
6;Sum;MeanColumns;False;NZW;0.9967563684519786;0.999988906761329;0.9935238301426281
6;Sum;MeanRows;False;NZW;1.0;1.0;1.0
6;Sum;MaxColumns;False;NZW;1.0;1.0;1.0
6;Sum;MaxRows;False;NZW;1.0;1.0;1.0
6;0;From;False;NZW;0.7194997665748419;0.7516717933264809;0.6873277398232029
6;0;To;False;NZW;0.9666826872994538;0.968901922425215;0.9644634521736928
6;0;MeanColumns;False;NZW;0.9551299613832998;0.9862309406043761;0.9240289821622233
6;0;MeanRows;False;NZW;1.0;1.0;1.0
6;0;MaxColumns;False;NZW;0.9658686765548397;0.9577442791158404;0.9739930739938388
6;0;MaxRows;False;NZW;1.0;1.0;1.0
6;1;From;False;NZW;0.7522005640750336;0.8167338957807038;0.6876672323693632
6;1;To;False;NZW;0.96345837659965;0.9572086244582332;0.9697081287410667
6;1;MeanColumns;False;NZW;0.9584789574287143;0.9804668868805015;0.9364910279769271
6;1;MeanRows;False;NZW;1.0;1.0;1.0
6;1;MaxColumns;False;NZW;0.9622731786198127;0.941230935996169;0.9833154212434564
6;1;MaxRows;False;NZW;1.0;1.0;1.0
6;2;From;False;NZW;0.7976017587937309;0.8561550977818377;0.739048419805624
6;2;To;False;NZW;0.9704108547670081;0.9781038266440338;0.9627178828899824
6;2;MeanColumns;False;NZW;0.9873705175731806;0.9902351830782435;0.9845058520681178
6;2;MeanRows;False;NZW;1.0;1.0;1.0
6;2;MaxColumns;False;NZW;0.9895693581653034;0.9834307542647389;0.995707962065868
6;2;MaxRows;False;NZW;1.0;1.0;1.0
6;3;From;False;NZW;0.799147807038194;0.8341625639800586;0.7641330500963294
6;3;To;False;NZW;0.8311024710423942;0.7451386191359425;0.9170663229488459
6;3;MeanColumns;False;NZW;0.9936760196586363;0.9981554445478674;0.9891965947694052
6;3;MeanRows;False;NZW;1.0;1.0;1.0
6;3;MaxColumns;False;NZW;0.9946322583755622;0.9935055677928759;0.9957589489582486
6;3;MaxRows;False;NZW;1.0;1.0;1.0
6;4;From;False;NZW;0.6790054689936778;0.8783250877411874;0.47968585024616794
6;4;To;False;NZW;0.9854000424364833;0.991762040600746;0.9790380442722205
6;4;MeanColumns;False;NZW;0.931514713812083;0.9865253223809795;0.8765041052431866
6;4;MeanRows;False;NZW;1.0;1.0;1.0
6;4;MaxColumns;False;NZW;0.9536239012057504;0.9520318872941793;0.9552159151173214
6;4;MaxRows;False;NZW;1.0;1.0;1.0
6;5;From;False;NZW;0.8140921112286654;0.89813589946812;0.730048322989211
6;5;To;False;NZW;0.9776630059897995;0.981985119761059;0.9733408922185401
6;5;MeanColumns;False;NZW;0.9611178032041763;0.9699626498269786;0.9522729565813739
6;5;MeanRows;False;NZW;1.0;1.0;1.0
6;5;MaxColumns;False;NZW;0.9693232484448295;0.9584705334732578;0.9801759634164011
6;5;MaxRows;False;NZW;1.0;1.0;1.0
6;6;From;False;NZW;0.496274230238744;0.37005863800248806;0.622489822475
6;6;To;False;NZW;0.8907911310668869;0.8276667024529161;0.9539155596808577
6;6;MeanColumns;False;NZW;0.9899014305587371;0.999858471540886;0.9799443895765882
6;6;MeanRows;False;NZW;1.0;1.0;1.0
6;6;MaxColumns;False;NZW;0.9984240775556417;0.9991337095269608;0.9977144455843227
6;6;MaxRows;False;NZW;1.0;1.0;1.0
6;7;From;False;NZW;0.6007395977174332;0.6746189002296372;0.5268602952052291
6;7;To;False;NZW;0.9390070298797704;0.9733598427300424;0.9046542170294982
6;7;MeanColumns;False;NZW;0.781760320868693;0.8597630362200787;0.7037576055173071
6;7;MeanRows;False;NZW;1.0;1.0;1.0
6;7;MaxColumns;False;NZW;0.8949767519638004;0.9447027579580379;0.845250745969563
6;7;MaxRows;False;NZW;1.0;1.0;1.0
6;8;From;False;NZW;0.9476929274273879;0.9507907905524128;0.944595064302363
6;8;To;False;NZW;0.9760541941632302;0.9809586627676512;0.9711497255588093
6;8;MeanColumns;False;NZW;0.9564146146721637;0.9995616589451887;0.9132675703991389
6;8;MeanRows;False;NZW;1.0;1.0;1.0
6;8;MaxColumns;False;NZW;0.9939557617002661;0.9998379245338723;0.9880735988666599
6;8;MaxRows;False;NZW;1.0;1.0;1.0
6;9;From;False;NZW;0.7599825175135563;0.8163396663356609;0.7036253686914516
6;9;To;False;NZW;0.8591775651961315;0.8347298572736785;0.8836252731185846
6;9;MeanColumns;False;NZW;0.9748694235953816;0.9668464277089377;0.9828924194818256
6;9;MeanRows;False;NZW;1.0;1.0;1.0
6;9;MaxColumns;False;NZW;0.9784217703952365;0.9685874765952671;0.988256064195206
6;9;MaxRows;False;NZW;1.0;1.0;1.0
6;10;From;False;NZW;0.7568720949420535;0.8092138226900288;0.7045303671940781
6;10;To;False;NZW;0.9562056796844662;0.9481767665318473;0.9642345928370852
6;10;MeanColumns;False;NZW;0.9662547117938258;0.9796821935992918;0.95282722998836
6;10;MeanRows;False;NZW;1.0;1.0;1.0
6;10;MaxColumns;False;NZW;0.9686903291231227;0.9540372015793246;0.9833434566669208
6;10;MaxRows;False;NZW;1.0;1.0;1.0
6;11;From;False;NZW;0.6568987376632185;0.5836637963466494;0.7301336789797876
6;11;To;False;NZW;0.6080110939373855;0.425668089008989;0.7903540988657821
6;11;MeanColumns;False;NZW;0.9930009350001375;0.9952413567814268;0.9907605132188483
6;11;MeanRows;False;NZW;1.0;1.0;1.0
6;11;MaxColumns;False;NZW;0.9919583095863975;0.9891516838408251;0.9947649353319701
6;11;MaxRows;False;NZW;1.0;1.0;1.0
7;Mean;From;False;NZW;0.7920387880025404;0.8844230293118518;0.6996545466932288
7;Mean;To;False;NZW;0.999890129068296;0.9998458352939207;0.9999344228426712
7;Mean;MeanColumns;False;NZW;0.9861849946502665;0.9998540484969148;0.9725159408036184
7;Mean;MeanRows;False;NZW;1.0;1.0;1.0
7;Mean;MaxColumns;False;NZW;0.9999688836350279;1.0;0.9999377672700558
7;Mean;MaxRows;False;NZW;1.0;1.0;1.0
7;Sum;From;False;NZW;0.7920387880025404;0.8844230293118518;0.6996545466932288
7;Sum;To;False;NZW;0.999890129068296;0.9998458352939207;0.9999344228426712
7;Sum;MeanColumns;False;NZW;0.9861849946502665;0.9998540484969148;0.9725159408036184
7;Sum;MeanRows;False;NZW;1.0;1.0;1.0
7;Sum;MaxColumns;False;NZW;0.9999688836350279;1.0;0.9999377672700558
7;Sum;MaxRows;False;NZW;1.0;1.0;1.0
7;0;From;False;NZW;0.7380525699186573;0.8713627451920063;0.6047423946453083
7;0;To;False;NZW;0.988458688340331;0.9869964524828594;0.9899209241978028
7;0;MeanColumns;False;NZW;0.9797030723864857;0.9852799629151002;0.9741261818578713
7;0;MeanRows;False;NZW;1.0;1.0;1.0
7;0;MaxColumns;False;NZW;0.9798356277344165;0.9762246304032786;0.9834466250655545
7;0;MaxRows;False;NZW;1.0;1.0;1.0
7;1;From;False;NZW;0.683249749293504;0.7659184237201314;0.6005810748668766
7;1;To;False;NZW;0.9695924142199008;0.9664288788229489;0.9727559496168527
7;1;MeanColumns;False;NZW;0.8901182246190147;0.9944642565456919;0.7857721926923374
7;1;MeanRows;False;NZW;1.0;1.0;1.0
7;1;MaxColumns;False;NZW;0.9570945109868964;0.9812583216111398;0.9329307003626529
7;1;MaxRows;False;NZW;1.0;1.0;1.0
7;2;From;False;NZW;0.6746429978178669;0.6519310715680031;0.6973549240677306
7;2;To;False;NZW;0.9879633063988111;0.9841071921303883;0.9918194206672338
7;2;MeanColumns;False;NZW;0.9236262479001613;0.998674429192202;0.8485780666081206
7;2;MeanRows;False;NZW;1.0;1.0;1.0
7;2;MaxColumns;False;NZW;0.9859447665181815;0.993497140030359;0.9783923930060039
7;2;MaxRows;False;NZW;1.0;1.0;1.0
7;3;From;False;NZW;0.5162196384637463;0.5373398380971939;0.49509943883029883
7;3;To;False;NZW;0.8911925493164838;0.8510084201070914;0.9313766785258762
7;3;MeanColumns;False;NZW;0.7921444258430348;0.9637149177177798;0.6205739339682899
7;3;MeanRows;False;NZW;1.0;1.0;1.0
7;3;MaxColumns;False;NZW;0.8676919249146091;0.9182178723501275;0.8171659774790907
7;3;MaxRows;False;NZW;1.0;1.0;1.0
7;4;From;False;NZW;0.7663171096027996;0.9217465224335218;0.6108876967720775
7;4;To;False;NZW;0.784027759400782;0.7032732298864007;0.8647822889151632
7;4;MeanColumns;False;NZW;0.9925725045093725;0.9932581772280261;0.991886831790719
7;4;MeanRows;False;NZW;1.0;1.0;1.0
7;4;MaxColumns;False;NZW;0.9897092682740092;0.9841843339079058;0.9952342026401125
7;4;MaxRows;False;NZW;1.0;1.0;1.0
7;5;From;False;NZW;0.7244319124786303;0.8732493824403131;0.5756144425169475
7;5;To;False;NZW;0.976907601452957;0.9946307685493622;0.9591844343565518
7;5;MeanColumns;False;NZW;0.9045081137132316;0.9927527373116813;0.8162634901147818
7;5;MeanRows;False;NZW;1.0;1.0;1.0
7;5;MaxColumns;False;NZW;0.9691623100875657;0.9943999652462464;0.943924654928885
7;5;MaxRows;False;NZW;1.0;1.0;1.0
7;6;From;False;NZW;0.7104083932110937;0.7034185245508201;0.7173982618713673
7;6;To;False;NZW;0.9814358596253008;0.976801431887039;0.9860702873635626
7;6;MeanColumns;False;NZW;0.9410685117717829;0.9945941499152732;0.8875428736282925
7;6;MeanRows;False;NZW;1.0;1.0;1.0
7;6;MaxColumns;False;NZW;0.9756098817417111;0.9840911480035716;0.9671286154798506
7;6;MaxRows;False;NZW;1.0;1.0;1.0
7;7;From;False;NZW;0.8337110122582634;0.8200722262144062;0.8473497983021206
7;7;To;False;NZW;0.9517398327498228;0.9193277073918963;0.9841519581077494
7;7;MeanColumns;False;NZW;0.957566175848817;0.9696023993943217;0.9455299523033124
7;7;MeanRows;False;NZW;1.0;1.0;1.0
7;7;MaxColumns;False;NZW;0.9642421378699477;0.9567713448963534;0.9717129308435419
7;7;MaxRows;False;NZW;1.0;1.0;1.0
7;8;From;False;NZW;0.9177975184014378;0.9806000067489505;0.8549950300539249
7;8;To;False;NZW;0.9889266108348264;0.9915326193213089;0.9863206023483438
7;8;MeanColumns;False;NZW;0.9848192221287975;0.9961175748646355;0.9735208693929595
7;8;MeanRows;False;NZW;1.0;1.0;1.0
7;8;MaxColumns;False;NZW;0.9917954572213747;0.990120416955171;0.9934704974875785
7;8;MaxRows;False;NZW;1.0;1.0;1.0
7;9;From;False;NZW;0.8011039050754133;0.9213418384028554;0.6808659717479711
7;9;To;False;NZW;0.9786652525729267;0.9739234958138253;0.983407009332028
7;9;MeanColumns;False;NZW;0.9644378035605572;0.9776015979662644;0.9512740091548499
7;9;MeanRows;False;NZW;1.0;1.0;1.0
7;9;MaxColumns;False;NZW;0.9687367533027691;0.9646753655741623;0.9727981410313759
7;9;MaxRows;False;NZW;1.0;1.0;1.0
7;10;From;False;NZW;0.7260550908169633;0.8485933711134257;0.6035168105205009
7;10;To;False;NZW;0.9714553236380294;0.9692618895456675;0.9736487577303913
7;10;MeanColumns;False;NZW;0.8668888438715505;0.9521465469608877;0.7816311407822134
7;10;MeanRows;False;NZW;1.0;1.0;1.0
7;10;MaxColumns;False;NZW;0.9149906619841186;0.913249213536636;0.9167321104316013
7;10;MaxRows;False;NZW;1.0;1.0;1.0
7;11;From;False;NZW;0.7760492613485683;0.9069521437104965;0.6451463789866403
7;11;To;False;NZW;0.9822128911676131;0.975979096516006;0.9884466858192203
7;11;MeanColumns;False;NZW;0.916275383369203;0.9967803708267008;0.8357703959117053
7;11;MeanRows;False;NZW;1.0;1.0;1.0
7;11;MaxColumns;False;NZW;0.9745417317023874;0.9863407334978574;0.9627427299069176
7;11;MaxRows;False;NZW;1.0;1.0;1.0
8;Mean;From;False;NZW;0.8823849553208776;0.9862669904203076;0.7785029202214476
8;Mean;To;False;NZW;1.0;1.0;1.0
8;Mean;MeanColumns;False;NZW;0.9656209539800684;0.9997454795797127;0.931496428380424
8;Mean;MeanRows;False;NZW;1.0;1.0;1.0
8;Mean;MaxColumns;False;NZW;0.9967746530863781;1.0;0.9935493061727564
8;Mean;MaxRows;False;NZW;1.0;1.0;1.0
8;Sum;From;False;NZW;0.8823849553208776;0.9862669904203076;0.7785029202214476
8;Sum;To;False;NZW;1.0;1.0;1.0
8;Sum;MeanColumns;False;NZW;0.9656209539800684;0.9997454795797127;0.931496428380424
8;Sum;MeanRows;False;NZW;1.0;1.0;1.0
8;Sum;MaxColumns;False;NZW;0.9967746530863781;1.0;0.9935493061727564
8;Sum;MaxRows;False;NZW;1.0;1.0;1.0
8;0;From;False;NZW;0.8185782204234544;0.9599947767138164;0.6771616641330925
8;0;To;False;NZW;0.9956371415507961;0.9945149595612054;0.9967593235403869
8;0;MeanColumns;False;NZW;0.912818892155869;0.9971411539104164;0.8284966304013216
8;0;MeanRows;False;NZW;1.0;1.0;1.0
8;0;MaxColumns;False;NZW;0.9728796687847181;0.9936735100163548;0.9520858275530814
8;0;MaxRows;False;NZW;1.0;1.0;1.0
8;1;From;False;NZW;0.9191356502933449;0.9685197637116085;0.8697515368750812
8;1;To;False;NZW;0.9981365891286381;0.9998293789360672;0.9964437993212091
8;1;MeanColumns;False;NZW;0.9312808678387305;0.9974030383178477;0.8651586973596134
8;1;MeanRows;False;NZW;1.0;1.0;1.0
8;1;MaxColumns;False;NZW;0.9791799912568258;0.999596353536114;0.9587636289775374
8;1;MaxRows;False;NZW;1.0;1.0;1.0
8;2;From;False;NZW;0.6885443757933853;0.7553359060195556;0.6217528455672152
8;2;To;False;NZW;0.9925939670946407;0.9890468597569086;0.9961410744323728
8;2;MeanColumns;False;NZW;0.9116343919194989;0.99734952191402;0.8259192619249777
8;2;MeanRows;False;NZW;1.0;1.0;1.0
8;2;MaxColumns;False;NZW;0.9667825446914297;0.9844690013775169;0.9490960880053424
8;2;MaxRows;False;NZW;1.0;1.0;1.0
8;3;From;False;NZW;0.8398236289529403;0.8989416662814705;0.78070559162441
8;3;To;False;NZW;0.9979655157938517;0.998276502856072;0.9976545287316315
8;3;MeanColumns;False;NZW;0.9554623712135235;0.9949131493400142;0.916011593087033
8;3;MeanRows;False;NZW;1.0;1.0;1.0
8;3;MaxColumns;False;NZW;0.986146357782661;0.9938433860304914;0.9784493295348305
8;3;MaxRows;False;NZW;1.0;1.0;1.0
8;4;From;False;NZW;0.7395670074733748;0.91091911876812;0.5682148961786295
8;4;To;False;NZW;0.983845768484559;0.981309274999393;0.986382261969725
8;4;MeanColumns;False;NZW;0.8919523580590153;0.9971459966848325;0.7867587194331981
8;4;MeanRows;False;NZW;1.0;1.0;1.0
8;4;MaxColumns;False;NZW;0.9716207628160217;0.9878183835604513;0.9554231420715922
8;4;MaxRows;False;NZW;1.0;1.0;1.0
8;5;From;False;NZW;0.7567221239890317;0.8601812690653622;0.6532629789127012
8;5;To;False;NZW;0.9920169621944153;0.9943001278811341;0.9897337965076964
8;5;MeanColumns;False;NZW;0.9265455342253788;0.9974271810309512;0.8556638874198064
8;5;MeanRows;False;NZW;1.0;1.0;1.0
8;5;MaxColumns;False;NZW;0.9716227576868746;0.9830665918687389;0.9601789235050102
8;5;MaxRows;False;NZW;1.0;1.0;1.0
8;6;From;False;NZW;0.8405580056606127;0.925238742980209;0.7558772683410163
8;6;To;False;NZW;0.9972226346498552;0.9951009157767214;0.9993443535229889
8;6;MeanColumns;False;NZW;0.9659931474682093;0.9950905070990901;0.9368957878373286
8;6;MeanRows;False;NZW;1.0;1.0;1.0
8;6;MaxColumns;False;NZW;0.9819307528274046;0.9773646536561639;0.9864968519986453
8;6;MaxRows;False;NZW;1.0;1.0;1.0
8;7;From;False;NZW;0.9270280299379234;0.974287699162426;0.879768360713421
8;7;To;False;NZW;0.9961824069878857;0.9952364829228714;0.9971283310529002
8;7;MeanColumns;False;NZW;0.9290995110016149;0.9991519869033292;0.8590470350999007
8;7;MeanRows;False;NZW;1.0;1.0;1.0
8;7;MaxColumns;False;NZW;0.9861010254171666;0.9973684033109322;0.974833647523401
8;7;MaxRows;False;NZW;1.0;1.0;1.0
8;8;From;False;NZW;0.8410083286122607;0.9757141924428407;0.7063024647816807
8;8;To;False;NZW;0.9947771840851065;0.9962594505515111;0.9932949176187018
8;8;MeanColumns;False;NZW;0.8839413188541551;0.9986529590354271;0.769229678672883
8;8;MeanRows;False;NZW;1.0;1.0;1.0
8;8;MaxColumns;False;NZW;0.9726427839557316;0.9992052509971976;0.9460803169142655
8;8;MaxRows;False;NZW;1.0;1.0;1.0
8;9;From;False;NZW;0.8279370187362285;0.9450733593068896;0.7108006781655675
8;9;To;False;NZW;0.9773174884800515;0.976754047759926;0.9778809292001771
8;9;MeanColumns;False;NZW;0.9342522868368706;0.9854908156675036;0.8830137580062375
8;9;MeanRows;False;NZW;1.0;1.0;1.0
8;9;MaxColumns;False;NZW;0.9763364845042222;0.9710999827717127;0.9815729862367317
8;9;MaxRows;False;NZW;1.0;1.0;1.0
8;10;From;False;NZW;0.8135998862428375;0.9302895007205184;0.6969102717651567
8;10;To;False;NZW;0.949047770551017;0.9125842601127957;0.9855112809892382
8;10;MeanColumns;False;NZW;0.935479517346157;0.9735964042145302;0.8973626304777839
8;10;MeanRows;False;NZW;1.0;1.0;1.0
8;10;MaxColumns;False;NZW;0.9639338408883134;0.9620792022077105;0.9657884795689163
8;10;MaxRows;False;NZW;1.0;1.0;1.0
8;11;From;False;NZW;0.8199210480424639;0.9091798203126735;0.7306622757722544
8;11;To;False;NZW;0.9846165860978154;0.9724784003002848;0.9967547718953461
8;11;MeanColumns;False;NZW;0.9727945213073532;0.980807135562933;0.9647819070517735
8;11;MeanRows;False;NZW;1.0;1.0;1.0
8;11;MaxColumns;False;NZW;0.9753350707245931;0.9586298425373847;0.9920402989118016
8;11;MaxRows;False;NZW;1.0;1.0;1.0
9;Mean;From;False;NZW;0.9924529512862494;0.995181214987995;0.9897246875845039
9;Mean;To;False;NZW;1.0;1.0;1.0
9;Mean;MeanColumns;False;NZW;0.9986185633196442;0.9999892959977735;0.9972478306415148
9;Mean;MeanRows;False;NZW;1.0;1.0;1.0
9;Mean;MaxColumns;False;NZW;0.9998462808415708;1.0;0.9996925616831416
9;Mean;MaxRows;False;NZW;1.0;1.0;1.0
9;Sum;From;False;NZW;0.9924529512862494;0.995181214987995;0.9897246875845039
9;Sum;To;False;NZW;1.0;1.0;1.0
9;Sum;MeanColumns;False;NZW;0.9986185633196442;0.9999892959977735;0.9972478306415148
9;Sum;MeanRows;False;NZW;1.0;1.0;1.0
9;Sum;MaxColumns;False;NZW;0.9998462808415708;1.0;0.9996925616831416
9;Sum;MaxRows;False;NZW;1.0;1.0;1.0
9;0;From;False;NZW;0.9057242651062496;0.8669732868213506;0.9444752433911487
9;0;To;False;NZW;0.9941868718568295;0.99789201862194;0.9904817250917191
9;0;MeanColumns;False;NZW;0.9437948054323306;0.949490370438701;0.9380992404259602
9;0;MeanRows;False;NZW;1.0;1.0;1.0
9;0;MaxColumns;False;NZW;0.9796331505913216;0.9793568864330103;0.9799094147496328
9;0;MaxRows;False;NZW;1.0;1.0;1.0
9;1;From;False;NZW;0.9145691282519091;0.9298201811678862;0.8993180753359319
9;1;To;False;NZW;0.9871050547162448;0.9778134107275857;0.9963966987049038
9;1;MeanColumns;False;NZW;0.9647656212954174;0.9829023018543949;0.9466289407364401
9;1;MeanRows;False;NZW;1.0;1.0;1.0
9;1;MaxColumns;False;NZW;0.9845853747627662;0.9897008175767166;0.9794699319488158
9;1;MaxRows;False;NZW;1.0;1.0;1.0
9;2;From;False;NZW;0.906455430716067;0.8983159555738703;0.9145949058582638
9;2;To;False;NZW;0.9840177040596224;0.968193338598226;0.9998420695210188
9;2;MeanColumns;False;NZW;0.9907020776633868;0.9911622967910204;0.9902418585357531
9;2;MeanRows;False;NZW;1.0;1.0;1.0
9;2;MaxColumns;False;NZW;0.9948426395851617;0.9943872494445603;0.9952980297257631
9;2;MaxRows;False;NZW;1.0;1.0;1.0
9;3;From;False;NZW;0.9293445576970327;0.9233929867787707;0.9352961286152948
9;3;To;False;NZW;0.9990933880426045;0.9983985918587752;0.9997881842264338
9;3;MeanColumns;False;NZW;0.9934220206857107;0.9967470835594665;0.990096957811955
9;3;MeanRows;False;NZW;1.0;1.0;1.0
9;3;MaxColumns;False;NZW;0.9984985280642439;0.9993188625782121;0.9976781935502756
9;3;MaxRows;False;NZW;1.0;1.0;1.0
9;4;From;False;NZW;0.9038566494974736;0.8998947880841748;0.9078185109107725
9;4;To;False;NZW;0.9310410518265982;0.8689779776225514;0.9931041260306451
9;4;MeanColumns;False;NZW;0.9662210683918266;0.984024417833677;0.9484177189499764
9;4;MeanRows;False;NZW;1.0;1.0;1.0
9;4;MaxColumns;False;NZW;0.9792334023709304;0.9844392644373038;0.9740275403045571
9;4;MaxRows;False;NZW;1.0;1.0;1.0
9;5;From;False;NZW;0.9514806640100485;0.9497591951878296;0.9532021328322674
9;5;To;False;NZW;0.9959954622041114;0.9941484907954701;0.9978424336127527
9;5;MeanColumns;False;NZW;0.9679925923485975;0.9526477771269133;0.9833374075702817
9;5;MeanRows;False;NZW;1.0;1.0;1.0
9;5;MaxColumns;False;NZW;0.9871755480451079;0.9790164180003131;0.9953346780899025
9;5;MaxRows;False;NZW;1.0;1.0;1.0
9;6;From;False;NZW;0.9753470927441324;0.9868515163427212;0.9638426691455437
9;6;To;False;NZW;0.9998459579902779;0.9996919159805558;1.0
9;6;MeanColumns;False;NZW;0.9960275581770335;0.9999255846281998;0.9921295317258672
9;6;MeanRows;False;NZW;1.0;1.0;1.0
9;6;MaxColumns;False;NZW;0.9993988466432916;0.9995909599357963;0.9992067333507869
9;6;MaxRows;False;NZW;1.0;1.0;1.0
9;7;From;False;NZW;0.8869361247944265;0.9157447044958777;0.8581275450929754
9;7;To;False;NZW;0.9944088483859495;0.9965404946015837;0.9922772021703152
9;7;MeanColumns;False;NZW;0.9224465127703512;0.9496147221505375;0.8952783033901648
9;7;MeanRows;False;NZW;1.0;1.0;1.0
9;7;MaxColumns;False;NZW;0.9552432374224369;0.9595175404801886;0.9509689343646853
9;7;MaxRows;False;NZW;1.0;1.0;1.0
9;8;From;False;NZW;0.970081373044466;0.9564633718143652;0.9836993742745666
9;8;To;False;NZW;0.9970038502922538;0.9945416785976015;0.999466021986906
9;8;MeanColumns;False;NZW;0.9928159692417182;0.9997142850344226;0.9859176534490139
9;8;MeanRows;False;NZW;1.0;1.0;1.0
9;8;MaxColumns;False;NZW;0.9993442798124614;0.9999429943778357;0.998745565247087
9;8;MaxRows;False;NZW;1.0;1.0;1.0
9;9;From;False;NZW;0.9760549398655758;0.9898790049199385;0.962230874811213
9;9;To;False;NZW;0.9996947141323793;0.999524441766109;0.9998649864986497
9;9;MeanColumns;False;NZW;0.9911710098831971;0.9998161550868989;0.9825258646794952
9;9;MeanRows;False;NZW;1.0;1.0;1.0
9;9;MaxColumns;False;NZW;0.9974239536778297;0.9998777164860907;0.9949701908695686
9;9;MaxRows;False;NZW;1.0;1.0;1.0
9;10;From;False;NZW;0.9799071620726642;0.9744432267326949;0.9853710974126334
9;10;To;False;NZW;0.9845264357554697;0.970701865765972;0.9983510057449675
9;10;MeanColumns;False;NZW;0.9824421370300758;0.9730076677912131;0.9918766062689386
9;10;MeanRows;False;NZW;1.0;1.0;1.0
9;10;MaxColumns;False;NZW;0.9898092390174917;0.9804823888708962;0.9991360891640872
9;10;MaxRows;False;NZW;1.0;1.0;1.0
9;11;From;False;NZW;0.8962791478837563;0.7996556101595331;0.9929026856079795
9;11;To;False;NZW;0.9624530542998406;0.9258147183014;0.9990913902982812
9;11;MeanColumns;False;NZW;0.9974931373939806;0.9983372356195294;0.996649039168432
9;11;MeanRows;False;NZW;1.0;1.0;1.0
9;11;MaxColumns;False;NZW;0.9997604262923603;1.0;0.9995208525847207
9;11;MaxRows;False;NZW;1.0;1.0;1.0
10;Mean;From;False;NZW;0.9964816270468255;0.9988097275749027;0.9941535265187484
10;Mean;To;False;NZW;0.9999722669033224;0.9999445338066449;1.0
10;Mean;MeanColumns;False;NZW;0.9994933621683169;0.9991999395030303;0.9997867848336034
10;Mean;MeanRows;False;NZW;1.0;1.0;1.0
10;Mean;MaxColumns;False;NZW;0.9999944533806645;0.999988906761329;1.0
10;Mean;MaxRows;False;NZW;1.0;1.0;1.0
10;Sum;From;False;NZW;0.9964816270468255;0.9988097275749027;0.9941535265187484
10;Sum;To;False;NZW;0.9999722669033224;0.9999445338066449;1.0
10;Sum;MeanColumns;False;NZW;0.9994933621683169;0.9991999395030303;0.9997867848336034
10;Sum;MeanRows;False;NZW;1.0;1.0;1.0
10;Sum;MaxColumns;False;NZW;0.9999944533806645;0.999988906761329;1.0
10;Sum;MaxRows;False;NZW;1.0;1.0;1.0
10;0;From;False;NZW;0.9953702746719375;0.9941597858783444;0.9965807634655305
10;0;To;False;NZW;0.9998200690934929;0.9996615689014859;0.9999785692854999
10;0;MeanColumns;False;NZW;0.9988072117176006;0.9976363768500547;0.9999780465851463
10;0;MeanRows;False;NZW;1.0;1.0;1.0
10;0;MaxColumns;False;NZW;0.9999445479561839;0.999889095912368;1.0
10;0;MaxRows;False;NZW;1.0;1.0;1.0
10;1;From;False;NZW;0.938086798636087;0.9423504977399565;0.9338230995322175
10;1;To;False;NZW;0.9678240222647398;0.9361959963226724;0.9994520482068073
10;1;MeanColumns;False;NZW;0.9349799034586475;0.9298205683143744;0.9401392386029205
10;1;MeanRows;False;NZW;1.0;1.0;1.0
10;1;MaxColumns;False;NZW;0.9531108348588574;0.9419687427630368;0.964252926954678
10;1;MaxRows;False;NZW;1.0;1.0;1.0
10;2;From;False;NZW;0.9890793350118974;0.9951392074324347;0.9830194625913601
10;2;To;False;NZW;0.9975557060526724;0.9974817138410138;0.997629698264331
10;2;MeanColumns;False;NZW;0.9981397494677835;0.997079722219249;0.999199776716318
10;2;MeanRows;False;NZW;1.0;1.0;1.0
10;2;MaxColumns;False;NZW;0.9988027721035875;0.9983492287659176;0.9992563154412575
10;2;MaxRows;False;NZW;1.0;1.0;1.0
10;3;From;False;NZW;0.9629523900727024;0.9591199491900744;0.9667848309553305
10;3;To;False;NZW;0.9498375025258459;0.908840123312152;0.9908348817395396
10;3;MeanColumns;False;NZW;0.9945382389124242;0.9962235113724276;0.9928529664524209
10;3;MeanRows;False;NZW;1.0;1.0;1.0
10;3;MaxColumns;False;NZW;0.9995422478309599;1.0;0.9990844956619199
10;3;MaxRows;False;NZW;1.0;1.0;1.0
10;4;From;False;NZW;0.9751721433284206;0.982140393788933;0.9682038928679081
10;4;To;False;NZW;0.9983358014207389;0.9971455797975866;0.9995260230438912
10;4;MeanColumns;False;NZW;0.9973113580779849;0.9966372064817337;0.9979855096742359
10;4;MeanRows;False;NZW;1.0;1.0;1.0
10;4;MaxColumns;False;NZW;0.9958871298933798;0.9929889018316036;0.9987853579551559
10;4;MaxRows;False;NZW;1.0;1.0;1.0
10;5;From;False;NZW;0.9966817873850963;0.9974973966886087;0.9958661780815838
10;5;To;False;NZW;0.9996716528533058;0.9993606151298617;0.99998269057675
10;5;MeanColumns;False;NZW;0.9988797997911211;0.9977756726181172;0.999983926964125
10;5;MeanRows;False;NZW;1.0;1.0;1.0
10;5;MaxColumns;False;NZW;0.999550072049586;0.9991629410765442;0.9999372030226279
10;5;MaxRows;False;NZW;1.0;1.0;1.0
10;6;From;False;NZW;0.909056104084398;0.920203344780647;0.8979088633881489
10;6;To;False;NZW;0.9968156454249744;0.9979446199581716;0.9956866708917772
10;6;MeanColumns;False;NZW;0.9186531776096123;0.9259140406395252;0.9113923145796993
10;6;MeanRows;False;NZW;1.0;1.0;1.0
10;6;MaxColumns;False;NZW;0.9349876227842772;0.9345044304589851;0.9354708151095692
10;6;MaxRows;False;NZW;1.0;1.0;1.0
10;7;From;False;NZW;0.9588902083901114;0.9575391777391548;0.9602412390410681
10;7;To;False;NZW;0.9923031464656402;0.9860513522882208;0.9985549406430597
10;7;MeanColumns;False;NZW;0.9822742832826092;0.9851251627168015;0.979423403848417
10;7;MeanRows;False;NZW;1.0;1.0;1.0
10;7;MaxColumns;False;NZW;0.99110440519469;0.9938378345888321;0.9883709758005479
10;7;MaxRows;False;NZW;1.0;1.0;1.0
10;8;From;False;NZW;0.957708250252955;0.9825405124676968;0.9328759880382131
10;8;To;False;NZW;0.9958727865920276;0.994974684836716;0.9967708883473393
10;8;MeanColumns;False;NZW;0.973756339517873;0.9876384718383058;0.9598742071974403
10;8;MeanRows;False;NZW;1.0;1.0;1.0
10;8;MaxColumns;False;NZW;0.9954094752422948;0.9986382369160413;0.9921807135685484
10;8;MaxRows;False;NZW;1.0;1.0;1.0
10;9;From;False;NZW;0.9921483019765115;0.9937090752082629;0.9905875287447601
10;9;To;False;NZW;0.9938604408450924;0.9893516489669623;0.9983692327232226
10;9;MeanColumns;False;NZW;0.998951938309375;0.9979822873636358;0.9999215892551143
10;9;MeanRows;False;NZW;1.0;1.0;1.0
10;9;MaxColumns;False;NZW;0.9990548463707023;0.998137820554186;0.9999718721872187
10;9;MaxRows;False;NZW;1.0;1.0;1.0
10;10;From;False;NZW;0.9460634564949462;0.9336115185876386;0.9585153944022539
10;10;To;False;NZW;0.9797330968259934;0.979293430511504;0.980172763140483
10;10;MeanColumns;False;NZW;0.9864184563006398;0.9984642029322431;0.9743727096690366
10;10;MeanRows;False;NZW;1.0;1.0;1.0
10;10;MaxColumns;False;NZW;0.998389919156563;0.9998274181177775;0.9969524201953487
10;10;MaxRows;False;NZW;1.0;1.0;1.0
10;11;From;False;NZW;0.9868468527594878;0.9849902754725556;0.98870343004642
10;11;To;False;NZW;0.9995585447508754;0.9992772722235822;0.9998398172781685
10;11;MeanColumns;False;NZW;0.9990510257223668;0.9986286132831026;0.9994734381616311
10;11;MeanRows;False;NZW;1.0;1.0;1.0
10;11;MaxColumns;False;NZW;0.999441348733946;0.9993800982586337;0.9995025992092583
10;11;MaxRows;False;NZW;1.0;1.0;1.0
11;Mean;From;False;NZW;0.9994122619030927;0.9999678058391622;0.9988567179670231
11;Mean;To;False;NZW;1.0;1.0;1.0
11;Mean;MeanColumns;False;NZW;0.9999753005603591;1.0;0.9999506011207182
11;Mean;MeanRows;False;NZW;1.0;1.0;1.0
11;Mean;MaxColumns;False;NZW;1.0;1.0;1.0
11;Mean;MaxRows;False;NZW;1.0;1.0;1.0
11;Sum;From;False;NZW;0.9994122619030927;0.9999678058391622;0.9988567179670231
11;Sum;To;False;NZW;1.0;1.0;1.0
11;Sum;MeanColumns;False;NZW;0.9999753005603591;1.0;0.9999506011207182
11;Sum;MeanRows;False;NZW;1.0;1.0;1.0
11;Sum;MaxColumns;False;NZW;1.0;1.0;1.0
11;Sum;MaxRows;False;NZW;1.0;1.0;1.0
11;0;From;False;NZW;0.993151169001192;0.9900269526822336;0.9962753853201505
11;0;To;False;NZW;0.9999308084916687;0.9998616169833375;1.0
11;0;MeanColumns;False;NZW;0.9968373906192769;0.9952169487191855;0.9984578325193684
11;0;MeanRows;False;NZW;1.0;1.0;1.0
11;0;MaxColumns;False;NZW;0.9990372401514158;0.9987781415350632;0.9992963387677685
11;0;MaxRows;False;NZW;1.0;1.0;1.0
11;1;From;False;NZW;0.9918738959277202;0.9916858605209669;0.9920619313344736
11;1;To;False;NZW;0.9999378868220701;0.9999872889973561;0.999888484646784
11;1;MeanColumns;False;NZW;0.9940941625735269;0.9905891904649182;0.9975991346821356
11;1;MeanRows;False;NZW;1.0;1.0;1.0
11;1;MaxColumns;False;NZW;0.9971072146444855;0.9943234221485459;0.9998910071404251
11;1;MaxRows;False;NZW;1.0;1.0;1.0
11;2;From;False;NZW;0.9974017119524037;0.9970402157778433;0.9977632081269642
11;2;To;False;NZW;1.0;1.0;1.0
11;2;MeanColumns;False;NZW;0.9986220834048909;0.9984284697741909;0.9988156970355909
11;2;MeanRows;False;NZW;1.0;1.0;1.0
11;2;MaxColumns;False;NZW;0.9995763206864466;0.9992863975011096;0.9998662438717837
11;2;MaxRows;False;NZW;1.0;1.0;1.0
11;3;From;False;NZW;0.9891974621076765;0.9953435813480006;0.9830513428673524
11;3;To;False;NZW;1.0;1.0;1.0
11;3;MeanColumns;False;NZW;0.9961292325899156;0.996456963860934;0.9958015013188972
11;3;MeanRows;False;NZW;1.0;1.0;1.0
11;3;MaxColumns;False;NZW;0.9966654165558095;0.9949090904535699;0.9984217426580493
11;3;MaxRows;False;NZW;1.0;1.0;1.0
11;4;From;False;NZW;0.9785325686637825;0.9862355186444421;0.9708296186831227
11;4;To;False;NZW;1.0;1.0;1.0
11;4;MeanColumns;False;NZW;0.99471449803258;0.9995973943505416;0.9898316017146185
11;4;MeanRows;False;NZW;1.0;1.0;1.0
11;4;MaxColumns;False;NZW;0.9977471019248905;0.9998389868926136;0.9956552169571673
11;4;MaxRows;False;NZW;1.0;1.0;1.0
11;5;From;False;NZW;0.9603454742402479;0.9705937514705696;0.9500971970099261
11;5;To;False;NZW;1.0;1.0;1.0
11;5;MeanColumns;False;NZW;0.9887682355987447;0.995953950286372;0.9815825209111174
11;5;MeanRows;False;NZW;1.0;1.0;1.0
11;5;MaxColumns;False;NZW;0.9951721387422365;0.998021904086311;0.9923223733981621
11;5;MaxRows;False;NZW;1.0;1.0;1.0
11;6;From;False;NZW;0.9944439327769683;0.9973872584420821;0.9915006071118545
11;6;To;False;NZW;1.0;1.0;1.0
11;6;MeanColumns;False;NZW;0.9993817360886275;1.0;0.9987634721772548
11;6;MeanRows;False;NZW;1.0;1.0;1.0
11;6;MaxColumns;False;NZW;0.9996761309579224;1.0;0.9993522619158448
11;6;MaxRows;False;NZW;1.0;1.0;1.0
11;7;From;False;NZW;0.9729539579580699;0.9737052212994693;0.9722026946166705
11;7;To;False;NZW;1.0;1.0;1.0
11;7;MeanColumns;False;NZW;0.9884468921924698;0.9951441793202754;0.9817496050646642
11;7;MeanRows;False;NZW;1.0;1.0;1.0
11;7;MaxColumns;False;NZW;0.9921472205923321;0.9973196422861497;0.9869747988985145
11;7;MaxRows;False;NZW;1.0;1.0;1.0
11;8;From;False;NZW;0.9875777036078666;0.9968320371249719;0.9783233700907611
11;8;To;False;NZW;0.9997369449740416;0.9996088045384434;0.9998650854096399
11;8;MeanColumns;False;NZW;0.999427993678197;0.9999861334516612;0.9988698539047328
11;8;MeanRows;False;NZW;1.0;1.0;1.0
11;8;MaxColumns;False;NZW;0.9999847325590806;0.9999861334516612;0.9999833316665
11;8;MaxRows;False;NZW;1.0;1.0;1.0
11;9;From;False;NZW;0.9991684741312754;0.9986634348119151;0.9996735134506358
11;9;To;False;NZW;1.0;1.0;1.0
11;9;MeanColumns;False;NZW;1.0;1.0;1.0
11;9;MeanRows;False;NZW;1.0;1.0;1.0
11;9;MaxColumns;False;NZW;1.0;1.0;1.0
11;9;MaxRows;False;NZW;1.0;1.0;1.0
11;10;From;False;NZW;0.9947223387157775;0.9950065518738592;0.9944381255576957
11;10;To;False;NZW;0.99998499849985;1.0;0.9999699969997
11;10;MeanColumns;False;NZW;0.9998614904787149;1.0;0.9997229809574296
11;10;MeanRows;False;NZW;1.0;1.0;1.0
11;10;MaxColumns;False;NZW;0.9999820337765002;1.0;0.9999640675530004
11;10;MaxRows;False;NZW;1.0;1.0;1.0
11;11;From;False;NZW;0.9803170094808284;0.9685600247090546;0.9920739942526025
11;11;To;False;NZW;0.9998537407940662;0.9998022565811154;0.9999052250070171
11;11;MeanColumns;False;NZW;0.9981583997581038;0.9967753338687342;0.9995414656474736
11;11;MeanRows;False;NZW;1.0;1.0;1.0
11;11;MaxColumns;False;NZW;0.9995265961651203;0.9991536501524406;0.9998995421778
11;11;MaxRows;False;NZW;1.0;1.0;1.0
Mean;;;True;NZW;0.9973107745239946;1.0;0.9946215490479892
Multi;;;True;NZW;0.8568704023888083;0.9778945177136866;0.7358462870639298
Sum;;;True;NZW;0.9973107745239946;1.0;0.9946215490479892