Mean;Mean;From;False;NZW;1.0;1.0;1.0
Mean;Mean;To;False;NZW;1.0;1.0;1.0
Mean;Mean;MeanColumns;False;NZW;1.0;1.0;1.0
Mean;Mean;MeanRows;False;NZW;1.0;1.0;1.0
Mean;Mean;MaxColumns;False;NZW;1.0;1.0;1.0
Mean;Mean;MaxRows;False;NZW;1.0;1.0;1.0
Mean;Sum;From;False;NZW;1.0;1.0;1.0
Mean;Sum;To;False;NZW;1.0;1.0;1.0
Mean;Sum;MeanColumns;False;NZW;1.0;1.0;1.0
Mean;Sum;MeanRows;False;NZW;1.0;1.0;1.0
Mean;Sum;MaxColumns;False;NZW;1.0;1.0;1.0
Mean;Sum;MaxRows;False;NZW;1.0;1.0;1.0
Mean;0;From;False;NZW;1.0;1.0;1.0
Mean;0;To;False;NZW;1.0;1.0;1.0
Mean;0;MeanColumns;False;NZW;1.0;1.0;1.0
Mean;0;MeanRows;False;NZW;1.0;1.0;1.0
Mean;0;MaxColumns;False;NZW;1.0;1.0;1.0
Mean;0;MaxRows;False;NZW;1.0;1.0;1.0
Mean;1;From;False;NZW;1.0;1.0;1.0
Mean;1;To;False;NZW;1.0;1.0;1.0
Mean;1;MeanColumns;False;NZW;1.0;1.0;1.0
Mean;1;MeanRows;False;NZW;1.0;1.0;1.0
Mean;1;MaxColumns;False;NZW;1.0;1.0;1.0
Mean;1;MaxRows;False;NZW;1.0;1.0;1.0
Mean;2;From;False;NZW;0.9999580501719942;0.9999161003439886;1.0
Mean;2;To;False;NZW;1.0;1.0;1.0
Mean;2;MeanColumns;False;NZW;1.0;1.0;1.0
Mean;2;MeanRows;False;NZW;1.0;1.0;1.0
Mean;2;MaxColumns;False;NZW;1.0;1.0;1.0
Mean;2;MaxRows;False;NZW;1.0;1.0;1.0
Mean;3;From;False;NZW;0.9999580501719942;0.9999161003439886;1.0
Mean;3;To;False;NZW;1.0;1.0;1.0
Mean;3;MeanColumns;False;NZW;1.0;1.0;1.0
Mean;3;MeanRows;False;NZW;1.0;1.0;1.0
Mean;3;MaxColumns;False;NZW;1.0;1.0;1.0
Mean;3;MaxRows;False;NZW;1.0;1.0;1.0
Mean;4;From;False;NZW;0.9998322006879772;0.9996644013759542;1.0
Mean;4;To;False;NZW;1.0;1.0;1.0
Mean;4;MeanColumns;False;NZW;1.0;1.0;1.0
Mean;4;MeanRows;False;NZW;1.0;1.0;1.0
Mean;4;MaxColumns;False;NZW;1.0;1.0;1.0
Mean;4;MaxRows;False;NZW;1.0;1.0;1.0
Mean;5;From;False;NZW;1.0;1.0;1.0
Mean;5;To;False;NZW;1.0;1.0;1.0
Mean;5;MeanColumns;False;NZW;1.0;1.0;1.0
Mean;5;MeanRows;False;NZW;1.0;1.0;1.0
Mean;5;MaxColumns;False;NZW;1.0;1.0;1.0
Mean;5;MaxRows;False;NZW;1.0;1.0;1.0
Mean;6;From;False;NZW;0.9999580501719942;0.9999161003439886;1.0
Mean;6;To;False;NZW;1.0;1.0;1.0
Mean;6;MeanColumns;False;NZW;1.0;1.0;1.0
Mean;6;MeanRows;False;NZW;1.0;1.0;1.0
Mean;6;MaxColumns;False;NZW;1.0;1.0;1.0
Mean;6;MaxRows;False;NZW;1.0;1.0;1.0
Mean;7;From;False;NZW;1.0;1.0;1.0
Mean;7;To;False;NZW;1.0;1.0;1.0
Mean;7;MeanColumns;False;NZW;1.0;1.0;1.0
Mean;7;MeanRows;False;NZW;1.0;1.0;1.0
Mean;7;MaxColumns;False;NZW;1.0;1.0;1.0
Mean;7;MaxRows;False;NZW;1.0;1.0;1.0
Mean;8;From;False;NZW;1.0;1.0;1.0
Mean;8;To;False;NZW;1.0;1.0;1.0
Mean;8;MeanColumns;False;NZW;1.0;1.0;1.0
Mean;8;MeanRows;False;NZW;1.0;1.0;1.0
Mean;8;MaxColumns;False;NZW;1.0;1.0;1.0
Mean;8;MaxRows;False;NZW;1.0;1.0;1.0
Mean;9;From;False;NZW;1.0;1.0;1.0
Mean;9;To;False;NZW;1.0;1.0;1.0
Mean;9;MeanColumns;False;NZW;1.0;1.0;1.0
Mean;9;MeanRows;False;NZW;1.0;1.0;1.0
Mean;9;MaxColumns;False;NZW;1.0;1.0;1.0
Mean;9;MaxRows;False;NZW;1.0;1.0;1.0
Mean;10;From;False;NZW;0.9992551317091578;0.9985102634183155;1.0
Mean;10;To;False;NZW;1.0;1.0;1.0
Mean;10;MeanColumns;False;NZW;1.0;1.0;1.0
Mean;10;MeanRows;False;NZW;1.0;1.0;1.0
Mean;10;MaxColumns;False;NZW;1.0;1.0;1.0
Mean;10;MaxRows;False;NZW;1.0;1.0;1.0
Mean;11;From;False;NZW;0.9999161003439886;0.9998322006879772;1.0
Mean;11;To;False;NZW;1.0;1.0;1.0
Mean;11;MeanColumns;False;NZW;1.0;1.0;1.0
Mean;11;MeanRows;False;NZW;1.0;1.0;1.0
Mean;11;MaxColumns;False;NZW;1.0;1.0;1.0
Mean;11;MaxRows;False;NZW;1.0;1.0;1.0
Multi;Mean;From;False;NZW;1.0;1.0;1.0
Multi;Mean;To;False;NZW;1.0;1.0;1.0
Multi;Mean;MeanColumns;False;NZW;1.0;1.0;1.0
Multi;Mean;MeanRows;False;NZW;1.0;1.0;1.0
Multi;Mean;MaxColumns;False;NZW;1.0;1.0;1.0
Multi;Mean;MaxRows;False;NZW;1.0;1.0;1.0
Multi;Sum;From;False;NZW;1.0;1.0;1.0
Multi;Sum;To;False;NZW;1.0;1.0;1.0
Multi;Sum;MeanColumns;False;NZW;1.0;1.0;1.0
Multi;Sum;MeanRows;False;NZW;1.0;1.0;1.0
Multi;Sum;MaxColumns;False;NZW;1.0;1.0;1.0
Multi;Sum;MaxRows;False;NZW;1.0;1.0;1.0
Multi;0;From;False;NZW;1.0;1.0;1.0
Multi;0;To;False;NZW;1.0;1.0;1.0
Multi;0;MeanColumns;False;NZW;1.0;1.0;1.0
Multi;0;MeanRows;False;NZW;1.0;1.0;1.0
Multi;0;MaxColumns;False;NZW;1.0;1.0;1.0
Multi;0;MaxRows;False;NZW;1.0;1.0;1.0
Multi;1;From;False;NZW;0.9997139588100687;1.0;0.9994279176201374
Multi;1;To;False;NZW;1.0;1.0;1.0
Multi;1;MeanColumns;False;NZW;0.9997139588100687;1.0;0.9994279176201374
Multi;1;MeanRows;False;NZW;1.0;1.0;1.0
Multi;1;MaxColumns;False;NZW;0.9997139588100687;1.0;0.9994279176201374
Multi;1;MaxRows;False;NZW;1.0;1.0;1.0
Multi;2;From;False;NZW;1.0;1.0;1.0
Multi;2;To;False;NZW;1.0;1.0;1.0
Multi;2;MeanColumns;False;NZW;1.0;1.0;1.0
Multi;2;MeanRows;False;NZW;1.0;1.0;1.0
Multi;2;MaxColumns;False;NZW;1.0;1.0;1.0
Multi;2;MaxRows;False;NZW;1.0;1.0;1.0
Multi;3;From;False;NZW;1.0;1.0;1.0
Multi;3;To;False;NZW;1.0;1.0;1.0
Multi;3;MeanColumns;False;NZW;1.0;1.0;1.0
Multi;3;MeanRows;False;NZW;1.0;1.0;1.0
Multi;3;MaxColumns;False;NZW;1.0;1.0;1.0
Multi;3;MaxRows;False;NZW;1.0;1.0;1.0
Multi;4;From;False;NZW;1.0;1.0;1.0
Multi;4;To;False;NZW;1.0;1.0;1.0
Multi;4;MeanColumns;False;NZW;1.0;1.0;1.0
Multi;4;MeanRows;False;NZW;1.0;1.0;1.0
Multi;4;MaxColumns;False;NZW;1.0;1.0;1.0
Multi;4;MaxRows;False;NZW;1.0;1.0;1.0
Multi;5;From;False;NZW;1.0;1.0;1.0
Multi;5;To;False;NZW;1.0;1.0;1.0
Multi;5;MeanColumns;False;NZW;1.0;1.0;1.0
Multi;5;MeanRows;False;NZW;1.0;1.0;1.0
Multi;5;MaxColumns;False;NZW;1.0;1.0;1.0
Multi;5;MaxRows;False;NZW;1.0;1.0;1.0
Multi;6;From;False;NZW;1.0;1.0;1.0
Multi;6;To;False;NZW;1.0;1.0;1.0
Multi;6;MeanColumns;False;NZW;1.0;1.0;1.0
Multi;6;MeanRows;False;NZW;1.0;1.0;1.0
Multi;6;MaxColumns;False;NZW;1.0;1.0;1.0
Multi;6;MaxRows;False;NZW;1.0;1.0;1.0
Multi;7;From;False;NZW;1.0;1.0;1.0
Multi;7;To;False;NZW;1.0;1.0;1.0
Multi;7;MeanColumns;False;NZW;1.0;1.0;1.0
Multi;7;MeanRows;False;NZW;1.0;1.0;1.0
Multi;7;MaxColumns;False;NZW;1.0;1.0;1.0
Multi;7;MaxRows;False;NZW;1.0;1.0;1.0
Multi;8;From;False;NZW;1.0;1.0;1.0
Multi;8;To;False;NZW;1.0;1.0;1.0
Multi;8;MeanColumns;False;NZW;1.0;1.0;1.0
Multi;8;MeanRows;False;NZW;1.0;1.0;1.0
Multi;8;MaxColumns;False;NZW;1.0;1.0;1.0
Multi;8;MaxRows;False;NZW;1.0;1.0;1.0
Multi;9;From;False;NZW;1.0;1.0;1.0
Multi;9;To;False;NZW;1.0;1.0;1.0
Multi;9;MeanColumns;False;NZW;1.0;1.0;1.0
Multi;9;MeanRows;False;NZW;1.0;1.0;1.0
Multi;9;MaxColumns;False;NZW;1.0;1.0;1.0
Multi;9;MaxRows;False;NZW;1.0;1.0;1.0
Multi;10;From;False;NZW;1.0;1.0;1.0
Multi;10;To;False;NZW;1.0;1.0;1.0
Multi;10;MeanColumns;False;NZW;1.0;1.0;1.0
Multi;10;MeanRows;False;NZW;1.0;1.0;1.0
Multi;10;MaxColumns;False;NZW;1.0;1.0;1.0
Multi;10;MaxRows;False;NZW;1.0;1.0;1.0
Multi;11;From;False;NZW;1.0;1.0;1.0
Multi;11;To;False;NZW;1.0;1.0;1.0
Multi;11;MeanColumns;False;NZW;1.0;1.0;1.0
Multi;11;MeanRows;False;NZW;1.0;1.0;1.0
Multi;11;MaxColumns;False;NZW;1.0;1.0;1.0
Multi;11;MaxRows;False;NZW;1.0;1.0;1.0
Sum;Mean;From;False;NZW;1.0;1.0;1.0
Sum;Mean;To;False;NZW;1.0;1.0;1.0
Sum;Mean;MeanColumns;False;NZW;1.0;1.0;1.0
Sum;Mean;MeanRows;False;NZW;1.0;1.0;1.0
Sum;Mean;MaxColumns;False;NZW;1.0;1.0;1.0
Sum;Mean;MaxRows;False;NZW;1.0;1.0;1.0
Sum;Sum;From;False;NZW;1.0;1.0;1.0
Sum;Sum;To;False;NZW;1.0;1.0;1.0
Sum;Sum;MeanColumns;False;NZW;1.0;1.0;1.0
Sum;Sum;MeanRows;False;NZW;1.0;1.0;1.0
Sum;Sum;MaxColumns;False;NZW;1.0;1.0;1.0
Sum;Sum;MaxRows;False;NZW;1.0;1.0;1.0
Sum;0;From;False;NZW;1.0;1.0;1.0
Sum;0;To;False;NZW;1.0;1.0;1.0
Sum;0;MeanColumns;False;NZW;1.0;1.0;1.0
Sum;0;MeanRows;False;NZW;1.0;1.0;1.0
Sum;0;MaxColumns;False;NZW;1.0;1.0;1.0
Sum;0;MaxRows;False;NZW;1.0;1.0;1.0
Sum;1;From;False;NZW;1.0;1.0;1.0
Sum;1;To;False;NZW;1.0;1.0;1.0
Sum;1;MeanColumns;False;NZW;1.0;1.0;1.0
Sum;1;MeanRows;False;NZW;1.0;1.0;1.0
Sum;1;MaxColumns;False;NZW;1.0;1.0;1.0
Sum;1;MaxRows;False;NZW;1.0;1.0;1.0
Sum;2;From;False;NZW;0.9999580501719942;0.9999161003439886;1.0
Sum;2;To;False;NZW;1.0;1.0;1.0
Sum;2;MeanColumns;False;NZW;1.0;1.0;1.0
Sum;2;MeanRows;False;NZW;1.0;1.0;1.0
Sum;2;MaxColumns;False;NZW;1.0;1.0;1.0
Sum;2;MaxRows;False;NZW;1.0;1.0;1.0
Sum;3;From;False;NZW;0.9999580501719942;0.9999161003439886;1.0
Sum;3;To;False;NZW;1.0;1.0;1.0
Sum;3;MeanColumns;False;NZW;1.0;1.0;1.0
Sum;3;MeanRows;False;NZW;1.0;1.0;1.0
Sum;3;MaxColumns;False;NZW;1.0;1.0;1.0
Sum;3;MaxRows;False;NZW;1.0;1.0;1.0
Sum;4;From;False;NZW;0.9998322006879772;0.9996644013759542;1.0
Sum;4;To;False;NZW;1.0;1.0;1.0
Sum;4;MeanColumns;False;NZW;1.0;1.0;1.0
Sum;4;MeanRows;False;NZW;1.0;1.0;1.0
Sum;4;MaxColumns;False;NZW;1.0;1.0;1.0
Sum;4;MaxRows;False;NZW;1.0;1.0;1.0
Sum;5;From;False;NZW;1.0;1.0;1.0
Sum;5;To;False;NZW;1.0;1.0;1.0
Sum;5;MeanColumns;False;NZW;1.0;1.0;1.0
Sum;5;MeanRows;False;NZW;1.0;1.0;1.0
Sum;5;MaxColumns;False;NZW;1.0;1.0;1.0
Sum;5;MaxRows;False;NZW;1.0;1.0;1.0
Sum;6;From;False;NZW;0.9999580501719942;0.9999161003439886;1.0
Sum;6;To;False;NZW;1.0;1.0;1.0
Sum;6;MeanColumns;False;NZW;1.0;1.0;1.0
Sum;6;MeanRows;False;NZW;1.0;1.0;1.0
Sum;6;MaxColumns;False;NZW;1.0;1.0;1.0
Sum;6;MaxRows;False;NZW;1.0;1.0;1.0
Sum;7;From;False;NZW;1.0;1.0;1.0
Sum;7;To;False;NZW;1.0;1.0;1.0
Sum;7;MeanColumns;False;NZW;1.0;1.0;1.0
Sum;7;MeanRows;False;NZW;1.0;1.0;1.0
Sum;7;MaxColumns;False;NZW;1.0;1.0;1.0
Sum;7;MaxRows;False;NZW;1.0;1.0;1.0
Sum;8;From;False;NZW;1.0;1.0;1.0
Sum;8;To;False;NZW;1.0;1.0;1.0
Sum;8;MeanColumns;False;NZW;1.0;1.0;1.0
Sum;8;MeanRows;False;NZW;1.0;1.0;1.0
Sum;8;MaxColumns;False;NZW;1.0;1.0;1.0
Sum;8;MaxRows;False;NZW;1.0;1.0;1.0
Sum;9;From;False;NZW;1.0;1.0;1.0
Sum;9;To;False;NZW;1.0;1.0;1.0
Sum;9;MeanColumns;False;NZW;1.0;1.0;1.0
Sum;9;MeanRows;False;NZW;1.0;1.0;1.0
Sum;9;MaxColumns;False;NZW;1.0;1.0;1.0
Sum;9;MaxRows;False;NZW;1.0;1.0;1.0
Sum;10;From;False;NZW;0.9992551317091578;0.9985102634183155;1.0
Sum;10;To;False;NZW;1.0;1.0;1.0
Sum;10;MeanColumns;False;NZW;1.0;1.0;1.0
Sum;10;MeanRows;False;NZW;1.0;1.0;1.0
Sum;10;MaxColumns;False;NZW;1.0;1.0;1.0
Sum;10;MaxRows;False;NZW;1.0;1.0;1.0
Sum;11;From;False;NZW;0.9999161003439886;0.9998322006879772;1.0
Sum;11;To;False;NZW;1.0;1.0;1.0
Sum;11;MeanColumns;False;NZW;1.0;1.0;1.0
Sum;11;MeanRows;False;NZW;1.0;1.0;1.0
Sum;11;MaxColumns;False;NZW;1.0;1.0;1.0
Sum;11;MaxRows;False;NZW;1.0;1.0;1.0
0;Mean;From;False;NZW;1.0;1.0;1.0
0;Mean;To;False;NZW;1.0;1.0;1.0
0;Mean;MeanColumns;False;NZW;1.0;1.0;1.0
0;Mean;MeanRows;False;NZW;1.0;1.0;1.0
0;Mean;MaxColumns;False;NZW;1.0;1.0;1.0
0;Mean;MaxRows;False;NZW;1.0;1.0;1.0
0;Sum;From;False;NZW;1.0;1.0;1.0
0;Sum;To;False;NZW;1.0;1.0;1.0
0;Sum;MeanColumns;False;NZW;1.0;1.0;1.0
0;Sum;MeanRows;False;NZW;1.0;1.0;1.0
0;Sum;MaxColumns;False;NZW;1.0;1.0;1.0
0;Sum;MaxRows;False;NZW;1.0;1.0;1.0
0;0;From;False;NZW;1.0;1.0;1.0
0;0;To;False;NZW;1.0;1.0;1.0
0;0;MeanColumns;False;NZW;1.0;1.0;1.0
0;0;MeanRows;False;NZW;1.0;1.0;1.0
0;0;MaxColumns;False;NZW;1.0;1.0;1.0
0;0;MaxRows;False;NZW;1.0;1.0;1.0
0;1;From;False;NZW;1.0;1.0;1.0
0;1;To;False;NZW;0.9850198048645513;0.9905647237488832;0.9794748859802196
0;1;MeanColumns;False;NZW;1.0;1.0;1.0
0;1;MeanRows;False;NZW;1.0;1.0;1.0
0;1;MaxColumns;False;NZW;1.0;1.0;1.0
0;1;MaxRows;False;NZW;1.0;1.0;1.0
0;2;From;False;NZW;1.0;1.0;1.0
0;2;To;False;NZW;0.9954573788318526;0.9970923008246916;0.9938224568390135
0;2;MeanColumns;False;NZW;1.0;1.0;1.0
0;2;MeanRows;False;NZW;1.0;1.0;1.0
0;2;MaxColumns;False;NZW;1.0;1.0;1.0
0;2;MaxRows;False;NZW;1.0;1.0;1.0
0;3;From;False;NZW;1.0;1.0;1.0
0;3;To;False;NZW;0.9841069837995299;0.9944326966908201;0.9737812709082396
0;3;MeanColumns;False;NZW;1.0;1.0;1.0
0;3;MeanRows;False;NZW;1.0;1.0;1.0
0;3;MaxColumns;False;NZW;0.9997992946994099;0.9999359713151491;0.9996626180836707
0;3;MaxRows;False;NZW;1.0;1.0;1.0
0;4;From;False;NZW;1.0;1.0;1.0
0;4;To;False;NZW;0.9757330983687591;0.9806302591075975;0.9708359376299206
0;4;MeanColumns;False;NZW;1.0;1.0;1.0
0;4;MeanRows;False;NZW;1.0;1.0;1.0
0;4;MaxColumns;False;NZW;1.0;1.0;1.0
0;4;MaxRows;False;NZW;1.0;1.0;1.0
0;5;From;False;NZW;1.0;1.0;1.0
0;5;To;False;NZW;0.9702364281451852;0.9772584953458303;0.9632143609445399
0;5;MeanColumns;False;NZW;1.0;1.0;1.0
0;5;MeanRows;False;NZW;1.0;1.0;1.0
0;5;MaxColumns;False;NZW;1.0;1.0;1.0
0;5;MaxRows;False;NZW;1.0;1.0;1.0
0;6;From;False;NZW;0.9970730833651258;0.9978551341548938;0.9962910325753577
0;6;To;False;NZW;1.0;1.0;1.0
0;6;MeanColumns;False;NZW;1.0;1.0;1.0
0;6;MeanRows;False;NZW;1.0;1.0;1.0
0;6;MaxColumns;False;NZW;1.0;1.0;1.0
0;6;MaxRows;False;NZW;1.0;1.0;1.0
0;7;From;False;NZW;1.0;1.0;1.0
0;7;To;False;NZW;1.0;1.0;1.0
0;7;MeanColumns;False;NZW;1.0;1.0;1.0
0;7;MeanRows;False;NZW;1.0;1.0;1.0
0;7;MaxColumns;False;NZW;1.0;1.0;1.0
0;7;MaxRows;False;NZW;1.0;1.0;1.0
0;8;From;False;NZW;1.0;1.0;1.0
0;8;To;False;NZW;0.9891520825063784;0.9933180282228777;0.984986136789879
0;8;MeanColumns;False;NZW;1.0;1.0;1.0
0;8;MeanRows;False;NZW;1.0;1.0;1.0
0;8;MaxColumns;False;NZW;1.0;1.0;1.0
0;8;MaxRows;False;NZW;1.0;1.0;1.0
0;9;From;False;NZW;1.0;1.0;1.0
0;9;To;False;NZW;0.9988044945138767;1.0;0.9976089890277533
0;9;MeanColumns;False;NZW;1.0;1.0;1.0
0;9;MeanRows;False;NZW;1.0;1.0;1.0
0;9;MaxColumns;False;NZW;1.0;1.0;1.0
0;9;MaxRows;False;NZW;1.0;1.0;1.0
0;10;From;False;NZW;1.0;1.0;1.0
0;10;To;False;NZW;1.0;1.0;1.0
0;10;MeanColumns;False;NZW;1.0;1.0;1.0
0;10;MeanRows;False;NZW;1.0;1.0;1.0
0;10;MaxColumns;False;NZW;1.0;1.0;1.0
0;10;MaxRows;False;NZW;1.0;1.0;1.0
0;11;From;False;NZW;0.9999239659367396;0.9998479318734793;1.0
0;11;To;False;NZW;1.0;1.0;1.0
0;11;MeanColumns;False;NZW;1.0;1.0;1.0
0;11;MeanRows;False;NZW;1.0;1.0;1.0
0;11;MaxColumns;False;NZW;1.0;1.0;1.0
0;11;MaxRows;False;NZW;1.0;1.0;1.0
1;Mean;From;False;NZW;1.0;1.0;1.0
1;Mean;To;False;NZW;1.0;1.0;1.0
1;Mean;MeanColumns;False;NZW;1.0;1.0;1.0
1;Mean;MeanRows;False;NZW;1.0;1.0;1.0
1;Mean;MaxColumns;False;NZW;1.0;1.0;1.0
1;Mean;MaxRows;False;NZW;1.0;1.0;1.0
1;Sum;From;False;NZW;1.0;1.0;1.0
1;Sum;To;False;NZW;1.0;1.0;1.0
1;Sum;MeanColumns;False;NZW;1.0;1.0;1.0
1;Sum;MeanRows;False;NZW;1.0;1.0;1.0
1;Sum;MaxColumns;False;NZW;1.0;1.0;1.0
1;Sum;MaxRows;False;NZW;1.0;1.0;1.0
1;0;From;False;NZW;1.0;1.0;1.0
1;0;To;False;NZW;1.0;1.0;1.0
1;0;MeanColumns;False;NZW;1.0;1.0;1.0
1;0;MeanRows;False;NZW;1.0;1.0;1.0
1;0;MaxColumns;False;NZW;1.0;1.0;1.0
1;0;MaxRows;False;NZW;1.0;1.0;1.0
1;1;From;False;NZW;1.0;1.0;1.0
1;1;To;False;NZW;0.9986798168202269;0.9982690979366455;0.9990905357038081
1;1;MeanColumns;False;NZW;1.0;1.0;1.0
1;1;MeanRows;False;NZW;1.0;1.0;1.0
1;1;MaxColumns;False;NZW;1.0;1.0;1.0
1;1;MaxRows;False;NZW;1.0;1.0;1.0
1;2;From;False;NZW;1.0;1.0;1.0
1;2;To;False;NZW;0.994618462228539;0.9972650559048318;0.9919718685522461
1;2;MeanColumns;False;NZW;1.0;1.0;1.0
1;2;MeanRows;False;NZW;1.0;1.0;1.0
1;2;MaxColumns;False;NZW;1.0;1.0;1.0
1;2;MaxRows;False;NZW;1.0;1.0;1.0
1;3;From;False;NZW;1.0;1.0;1.0
1;3;To;False;NZW;0.999918896999189;0.9998377939983779;1.0
1;3;MeanColumns;False;NZW;1.0;1.0;1.0
1;3;MeanRows;False;NZW;1.0;1.0;1.0
1;3;MaxColumns;False;NZW;1.0;1.0;1.0
1;3;MaxRows;False;NZW;1.0;1.0;1.0
1;4;From;False;NZW;1.0;1.0;1.0
1;4;To;False;NZW;0.8114211827042872;0.8321938202813813;0.790648545127193
1;4;MeanColumns;False;NZW;1.0;1.0;1.0
1;4;MeanRows;False;NZW;1.0;1.0;1.0
1;4;MaxColumns;False;NZW;0.9999679856575745;0.9999359713151491;1.0
1;4;MaxRows;False;NZW;1.0;1.0;1.0
1;5;From;False;NZW;1.0;1.0;1.0
1;5;To;False;NZW;1.0;1.0;1.0
1;5;MeanColumns;False;NZW;1.0;1.0;1.0
1;5;MeanRows;False;NZW;1.0;1.0;1.0
1;5;MaxColumns;False;NZW;1.0;1.0;1.0
1;5;MaxRows;False;NZW;1.0;1.0;1.0
1;6;From;False;NZW;1.0;1.0;1.0
1;6;To;False;NZW;1.0;1.0;1.0
1;6;MeanColumns;False;NZW;1.0;1.0;1.0
1;6;MeanRows;False;NZW;1.0;1.0;1.0
1;6;MaxColumns;False;NZW;1.0;1.0;1.0
1;6;MaxRows;False;NZW;1.0;1.0;1.0
1;7;From;False;NZW;1.0;1.0;1.0
1;7;To;False;NZW;0.9362901653015524;0.9600203957820143;0.9125599348210905
1;7;MeanColumns;False;NZW;1.0;1.0;1.0
1;7;MeanRows;False;NZW;1.0;1.0;1.0
1;7;MaxColumns;False;NZW;1.0;1.0;1.0
1;7;MaxRows;False;NZW;1.0;1.0;1.0
1;8;From;False;NZW;1.0;1.0;1.0
1;8;To;False;NZW;1.0;1.0;1.0
1;8;MeanColumns;False;NZW;1.0;1.0;1.0
1;8;MeanRows;False;NZW;1.0;1.0;1.0
1;8;MaxColumns;False;NZW;1.0;1.0;1.0
1;8;MaxRows;False;NZW;1.0;1.0;1.0
1;9;From;False;NZW;1.0;1.0;1.0
1;9;To;False;NZW;0.9998313090418354;1.0;0.9996626180836707
1;9;MeanColumns;False;NZW;1.0;1.0;1.0
1;9;MeanRows;False;NZW;1.0;1.0;1.0
1;9;MaxColumns;False;NZW;1.0;1.0;1.0
1;9;MaxRows;False;NZW;1.0;1.0;1.0
1;10;From;False;NZW;1.0;1.0;1.0
1;10;To;False;NZW;1.0;1.0;1.0
1;10;MeanColumns;False;NZW;1.0;1.0;1.0
1;10;MeanRows;False;NZW;1.0;1.0;1.0
1;10;MaxColumns;False;NZW;1.0;1.0;1.0
1;10;MaxRows;False;NZW;1.0;1.0;1.0
1;11;From;False;NZW;0.9966752776081514;0.998339340268017;0.9950112149482859
1;11;To;False;NZW;0.7321984576336455;0.7682976435921514;0.6960992716751399
1;11;MeanColumns;False;NZW;1.0;1.0;1.0
1;11;MeanRows;False;NZW;1.0;1.0;1.0
1;11;MaxColumns;False;NZW;1.0;1.0;1.0
1;11;MaxRows;False;NZW;1.0;1.0;1.0
2;Mean;From;False;NZW;1.0;1.0;1.0
2;Mean;To;False;NZW;1.0;1.0;1.0
2;Mean;MeanColumns;False;NZW;1.0;1.0;1.0
2;Mean;MeanRows;False;NZW;1.0;1.0;1.0
2;Mean;MaxColumns;False;NZW;1.0;1.0;1.0
2;Mean;MaxRows;False;NZW;1.0;1.0;1.0
2;Sum;From;False;NZW;1.0;1.0;1.0
2;Sum;To;False;NZW;1.0;1.0;1.0
2;Sum;MeanColumns;False;NZW;1.0;1.0;1.0
2;Sum;MeanRows;False;NZW;1.0;1.0;1.0
2;Sum;MaxColumns;False;NZW;1.0;1.0;1.0
2;Sum;MaxRows;False;NZW;1.0;1.0;1.0
2;0;From;False;NZW;1.0;1.0;1.0
2;0;To;False;NZW;1.0;1.0;1.0
2;0;MeanColumns;False;NZW;1.0;1.0;1.0
2;0;MeanRows;False;NZW;1.0;1.0;1.0
2;0;MaxColumns;False;NZW;0.999944702499447;0.999889404998894;1.0
2;0;MaxRows;False;NZW;1.0;1.0;1.0
2;1;From;False;NZW;1.0;1.0;1.0
2;1;To;False;NZW;0.9796124654561196;0.9885665349080697;0.9706583960041695
2;1;MeanColumns;False;NZW;1.0;1.0;1.0
2;1;MeanRows;False;NZW;1.0;1.0;1.0
2;1;MaxColumns;False;NZW;0.9999679856575745;0.9999359713151491;1.0
2;1;MaxRows;False;NZW;1.0;1.0;1.0
2;2;From;False;NZW;1.0;1.0;1.0
2;2;To;False;NZW;0.9855484116371781;0.9920467929177905;0.9790500303565657
2;2;MeanColumns;False;NZW;1.0;1.0;1.0
2;2;MeanRows;False;NZW;1.0;1.0;1.0
2;2;MaxColumns;False;NZW;1.0;1.0;1.0
2;2;MaxRows;False;NZW;1.0;1.0;1.0
2;3;From;False;NZW;0.8086394953608576;0.8367765281056606;0.7805024626160546
2;3;To;False;NZW;0.3288970422499076;0.4055628230487732;0.252231261451042
2;3;MeanColumns;False;NZW;0.9997525045066344;0.999842390929598;0.9996626180836707
2;3;MeanRows;False;NZW;1.0;1.0;1.0
2;3;MaxColumns;False;NZW;0.99959858939882;0.9998719426302983;0.9993252361673415
2;3;MaxRows;False;NZW;1.0;1.0;1.0
2;4;From;False;NZW;0.9986134544183556;0.9992005930472373;0.9980263157894738
2;4;To;False;NZW;0.9753820377113376;0.9851561465550546;0.9656079288676207
2;4;MeanColumns;False;NZW;1.0;1.0;1.0
2;4;MeanRows;False;NZW;1.0;1.0;1.0
2;4;MaxColumns;False;NZW;1.0;1.0;1.0
2;4;MaxRows;False;NZW;1.0;1.0;1.0
2;5;From;False;NZW;1.0;1.0;1.0
2;5;To;False;NZW;0.9990507428239532;0.9994510133132235;0.9986504723346828
2;5;MeanColumns;False;NZW;1.0;1.0;1.0
2;5;MeanRows;False;NZW;1.0;1.0;1.0
2;5;MaxColumns;False;NZW;1.0;1.0;1.0
2;5;MaxRows;False;NZW;1.0;1.0;1.0
2;6;From;False;NZW;1.0;1.0;1.0
2;6;To;False;NZW;1.0;1.0;1.0
2;6;MeanColumns;False;NZW;1.0;1.0;1.0
2;6;MeanRows;False;NZW;1.0;1.0;1.0
2;6;MaxColumns;False;NZW;1.0;1.0;1.0
2;6;MaxRows;False;NZW;1.0;1.0;1.0
2;7;From;False;NZW;0.9994539715283131;0.9989079430566261;1.0
2;7;To;False;NZW;1.0;1.0;1.0
2;7;MeanColumns;False;NZW;0.9988103593486806;0.9976207186973611;1.0
2;7;MeanRows;False;NZW;1.0;1.0;1.0
2;7;MaxColumns;False;NZW;1.0;1.0;1.0
2;7;MaxRows;False;NZW;1.0;1.0;1.0
2;8;From;False;NZW;0.9999229284349018;0.9998458568698037;1.0
2;8;To;False;NZW;1.0;1.0;1.0
2;8;MeanColumns;False;NZW;1.0;1.0;1.0
2;8;MeanRows;False;NZW;1.0;1.0;1.0
2;8;MaxColumns;False;NZW;1.0;1.0;1.0
2;8;MaxRows;False;NZW;1.0;1.0;1.0
2;9;From;False;NZW;1.0;1.0;1.0
2;9;To;False;NZW;1.0;1.0;1.0
2;9;MeanColumns;False;NZW;1.0;1.0;1.0
2;9;MeanRows;False;NZW;1.0;1.0;1.0
2;9;MaxColumns;False;NZW;1.0;1.0;1.0
2;9;MaxRows;False;NZW;1.0;1.0;1.0
2;10;From;False;NZW;0.9990962808481056;0.9981925616962114;1.0
2;10;To;False;NZW;0.99890137021812;0.9989989126850439;0.9988038277511961
2;10;MeanColumns;False;NZW;0.9942663948258456;0.9923513395228725;0.9961814501288186
2;10;MeanRows;False;NZW;1.0;1.0;1.0
2;10;MaxColumns;False;NZW;1.0;1.0;1.0
2;10;MaxRows;False;NZW;1.0;1.0;1.0
2;11;From;False;NZW;0.9975743282461262;0.9995828727971781;0.9955657836950744
2;11;To;False;NZW;1.0;1.0;1.0
2;11;MeanColumns;False;NZW;1.0;1.0;1.0
2;11;MeanRows;False;NZW;1.0;1.0;1.0
2;11;MaxColumns;False;NZW;1.0;1.0;1.0
2;11;MaxRows;False;NZW;1.0;1.0;1.0
3;Mean;From;False;NZW;0.9917142914882311;0.9885103369712596;0.9949182460052025
3;Mean;To;False;NZW;1.0;1.0;1.0
3;Mean;MeanColumns;False;NZW;0.9999161003439886;0.9998322006879772;1.0
3;Mean;MeanRows;False;NZW;1.0;1.0;1.0
3;Mean;MaxColumns;False;NZW;1.0;1.0;1.0
3;Mean;MaxRows;False;NZW;1.0;1.0;1.0
3;Sum;From;False;NZW;0.9917142914882311;0.9885103369712596;0.9949182460052025
3;Sum;To;False;NZW;1.0;1.0;1.0
3;Sum;MeanColumns;False;NZW;0.9999161003439886;0.9998322006879772;1.0
3;Sum;MeanRows;False;NZW;1.0;1.0;1.0
3;Sum;MaxColumns;False;NZW;1.0;1.0;1.0
3;Sum;MaxRows;False;NZW;1.0;1.0;1.0
3;0;From;False;NZW;0.6457163485046222;0.6930961133852734;0.5983365836239709
3;0;To;False;NZW;1.0;1.0;1.0
3;0;MeanColumns;False;NZW;0.7271444333002093;0.7933235111653331;0.6609653554350855
3;0;MeanRows;False;NZW;1.0;1.0;1.0
3;0;MaxColumns;False;NZW;0.913255700898054;0.8715331965125116;0.9549782052835964
3;0;MaxRows;False;NZW;1.0;1.0;1.0
3;1;From;False;NZW;0.9968832971115471;0.998018304508591;0.9957482897145034
3;1;To;False;NZW;1.0;1.0;1.0
3;1;MeanColumns;False;NZW;1.0;1.0;1.0
3;1;MeanRows;False;NZW;1.0;1.0;1.0
3;1;MaxColumns;False;NZW;1.0;1.0;1.0
3;1;MaxRows;False;NZW;1.0;1.0;1.0
3;2;From;False;NZW;0.6974235425832312;0.6449919740976954;0.7498551110687671
3;2;To;False;NZW;1.0;1.0;1.0
3;2;MeanColumns;False;NZW;0.9375101947152897;0.9394248649822484;0.9355955244483309
3;2;MeanRows;False;NZW;1.0;1.0;1.0
3;2;MaxColumns;False;NZW;0.9880151871045018;0.9781360107539994;0.9978943634550043
3;2;MaxRows;False;NZW;1.0;1.0;1.0
3;3;From;False;NZW;0.7937411277354962;0.7603116050355183;0.8271706504354741
3;3;To;False;NZW;1.0;1.0;1.0
3;3;MeanColumns;False;NZW;0.9991707320028465;0.998341464005693;1.0
3;3;MeanRows;False;NZW;1.0;1.0;1.0
3;3;MaxColumns;False;NZW;1.0;1.0;1.0
3;3;MaxRows;False;NZW;1.0;1.0;1.0
3;4;From;False;NZW;0.7108364193142438;0.7959647624358239;0.6257080761926636
3;4;To;False;NZW;0.9999471067386014;0.999894213477203;1.0
3;4;MeanColumns;False;NZW;0.9886281489393935;0.979395739291684;0.9978605585871032
3;4;MeanRows;False;NZW;1.0;1.0;1.0
3;4;MaxColumns;False;NZW;0.9984663655680938;0.9984142778122421;0.9985184533239454
3;4;MaxRows;False;NZW;1.0;1.0;1.0
3;5;From;False;NZW;0.856330169806452;0.8728923148847568;0.8397680247281473
3;5;To;False;NZW;0.9997992946994099;0.9999359713151491;0.9996626180836707
3;5;MeanColumns;False;NZW;0.9983815885641012;0.9967631771282025;1.0
3;5;MeanRows;False;NZW;1.0;1.0;1.0
3;5;MaxColumns;False;NZW;0.9998552730933803;0.9997105461867606;1.0
3;5;MaxRows;False;NZW;1.0;1.0;1.0
3;6;From;False;NZW;0.9468463426082327;0.9280878708963128;0.9656048143201528
3;6;To;False;NZW;1.0;1.0;1.0
3;6;MeanColumns;False;NZW;0.9966534689956692;0.9933069379913383;1.0
3;6;MeanRows;False;NZW;1.0;1.0;1.0
3;6;MaxColumns;False;NZW;0.9975490545446251;0.9988005212281948;0.9962975878610554
3;6;MaxRows;False;NZW;1.0;1.0;1.0
3;7;From;False;NZW;1.0;1.0;1.0
3;7;To;False;NZW;0.9999471067386014;0.999894213477203;1.0
3;7;MeanColumns;False;NZW;1.0;1.0;1.0
3;7;MeanRows;False;NZW;1.0;1.0;1.0
3;7;MaxColumns;False;NZW;1.0;1.0;1.0
3;7;MaxRows;False;NZW;1.0;1.0;1.0
3;8;From;False;NZW;0.9994517543859649;1.0;0.9989035087719299
3;8;To;False;NZW;0.9950702836089952;0.9975009271098148;0.9926396401081756
3;8;MeanColumns;False;NZW;0.997658550519964;0.9976674061505304;0.9976496948893975
3;8;MeanRows;False;NZW;1.0;1.0;1.0
3;8;MaxColumns;False;NZW;0.9998357993251835;0.999671598650367;1.0
3;8;MaxRows;False;NZW;1.0;1.0;1.0
3;9;From;False;NZW;0.9505567559424756;0.9494423246887103;0.9516711871962409
3;9;To;False;NZW;0.9901622665827617;0.9803245331655235;1.0
3;9;MeanColumns;False;NZW;0.9985647681391363;0.9971295362782725;1.0
3;9;MeanRows;False;NZW;1.0;1.0;1.0
3;9;MaxColumns;False;NZW;0.999897222921386;0.999794445842772;1.0
3;9;MaxRows;False;NZW;1.0;1.0;1.0
3;10;From;False;NZW;0.5688158892168611;0.5368434751421378;0.6007883032915844
3;10;To;False;NZW;0.98974108395355;0.9794821679071;1.0
3;10;MeanColumns;False;NZW;0.923813973885594;0.854573547937612;0.9930543998335761
3;10;MeanRows;False;NZW;1.0;1.0;1.0
3;10;MaxColumns;False;NZW;0.9912510516860291;0.98310018949646;0.9994019138755981
3;10;MaxRows;False;NZW;1.0;1.0;1.0
3;11;From;False;NZW;0.8028733195333678;0.8816918938108698;0.7240547452558659
3;11;To;False;NZW;0.8176174955476463;0.8450392004271133;0.7901957906681792
3;11;MeanColumns;False;NZW;1.0;1.0;1.0
3;11;MeanRows;False;NZW;1.0;1.0;1.0
3;11;MaxColumns;False;NZW;1.0;1.0;1.0
3;11;MaxRows;False;NZW;1.0;1.0;1.0
4;Mean;From;False;NZW;0.9044619578441491;0.8540448909331966;0.9548790247551014
4;Mean;To;False;NZW;1.0;1.0;1.0
4;Mean;MeanColumns;False;NZW;0.9986722879055262;0.9973445758110524;1.0
4;Mean;MeanRows;False;NZW;1.0;1.0;1.0
4;Mean;MaxColumns;False;NZW;1.0;1.0;1.0
4;Mean;MaxRows;False;NZW;1.0;1.0;1.0
4;Sum;From;False;NZW;0.9044619578441491;0.8540448909331966;0.9548790247551014
4;Sum;To;False;NZW;1.0;1.0;1.0
4;Sum;MeanColumns;False;NZW;0.9986722879055262;0.9973445758110524;1.0
4;Sum;MeanRows;False;NZW;1.0;1.0;1.0
4;Sum;MaxColumns;False;NZW;1.0;1.0;1.0
4;Sum;MaxRows;False;NZW;1.0;1.0;1.0
4;0;From;False;NZW;0.8864330249395702;0.7763017223937605;0.99656432748538
4;0;To;False;NZW;0.9949090061372947;0.994877310654826;0.9949407016197633
4;0;MeanColumns;False;NZW;0.9963423015938777;0.9926846031877555;1.0
4;0;MeanRows;False;NZW;1.0;1.0;1.0
4;0;MaxColumns;False;NZW;0.9997914494264859;0.9995828988529718;1.0
4;0;MaxRows;False;NZW;1.0;1.0;1.0
4;1;From;False;NZW;0.4365805714068544;0.6815840169587528;0.19157712585495598
4;1;To;False;NZW;0.8808335140629592;0.9964375342384625;0.7652294938874559
4;1;MeanColumns;False;NZW;0.5876414858702033;0.7676312155924698;0.40765175614793664
4;1;MeanRows;False;NZW;1.0;1.0;1.0
4;1;MaxColumns;False;NZW;0.93381806958215;0.8882717263751329;0.9793644127891671
4;1;MaxRows;False;NZW;1.0;1.0;1.0
4;2;From;False;NZW;0.9461455100530336;0.9252427651573548;0.9670482549487125
4;2;To;False;NZW;0.8352121871013523;0.8964505907453936;0.7739737834573108
4;2;MeanColumns;False;NZW;0.9912922657062737;0.9863034002629953;0.9962811311495522
4;2;MeanRows;False;NZW;1.0;1.0;1.0
4;2;MaxColumns;False;NZW;0.9998751440645409;0.9997502881290818;1.0
4;2;MaxRows;False;NZW;1.0;1.0;1.0
4;3;From;False;NZW;0.4493705093421728;0.5740590145691238;0.3246820041152219
4;3;To;False;NZW;0.9994013826130614;0.9988027652261229;1.0
4;3;MeanColumns;False;NZW;0.7260873082922579;0.7653214510918968;0.6868531654926189
4;3;MeanRows;False;NZW;1.0;1.0;1.0
4;3;MaxColumns;False;NZW;0.8871985810027142;0.883350050007482;0.8910471119979464
4;3;MaxRows;False;NZW;1.0;1.0;1.0
4;4;From;False;NZW;0.8826173207789835;0.789797240290205;0.9754374012677619
4;4;To;False;NZW;1.0;1.0;1.0
4;4;MeanColumns;False;NZW;0.9807391254575011;0.9734139696585011;0.988064281256501
4;4;MeanRows;False;NZW;1.0;1.0;1.0
4;4;MaxColumns;False;NZW;0.9992850263866079;0.9985700527732158;1.0
4;4;MaxRows;False;NZW;1.0;1.0;1.0
4;5;From;False;NZW;0.8309495273305622;0.8338685314310453;0.828030523230079
4;5;To;False;NZW;1.0;1.0;1.0
4;5;MeanColumns;False;NZW;0.9985899582852604;0.997179916570521;1.0
4;5;MeanRows;False;NZW;1.0;1.0;1.0
4;5;MaxColumns;False;NZW;1.0;1.0;1.0
4;5;MaxRows;False;NZW;1.0;1.0;1.0
4;6;From;False;NZW;0.6968184552574246;0.9124368648137771;0.4812000457010721
4;6;To;False;NZW;1.0;1.0;1.0
4;6;MeanColumns;False;NZW;0.986862439023815;0.9850885144112663;0.9886363636363636
4;6;MeanRows;False;NZW;1.0;1.0;1.0
4;6;MaxColumns;False;NZW;1.0;1.0;1.0
4;6;MaxRows;False;NZW;1.0;1.0;1.0
4;7;From;False;NZW;0.9990231034161612;0.9991426980603925;0.9989035087719299
4;7;To;False;NZW;1.0;1.0;1.0
4;7;MeanColumns;False;NZW;1.0;1.0;1.0
4;7;MeanRows;False;NZW;1.0;1.0;1.0
4;7;MaxColumns;False;NZW;1.0;1.0;1.0
4;7;MaxRows;False;NZW;1.0;1.0;1.0
4;8;From;False;NZW;0.5045913534184869;0.5753453745038817;0.43383733233309213
4;8;To;False;NZW;1.0;1.0;1.0
4;8;MeanColumns;False;NZW;0.9767289417055367;0.9669301567517676;0.9865277266593057
4;8;MeanRows;False;NZW;1.0;1.0;1.0
4;8;MaxColumns;False;NZW;1.0;1.0;1.0
4;8;MaxRows;False;NZW;1.0;1.0;1.0
4;9;From;False;NZW;0.5355630941544218;0.6355353624362673;0.43559082587257647
4;9;To;False;NZW;1.0;1.0;1.0
4;9;MeanColumns;False;NZW;0.920663825360532;0.9226768742529502;0.9186507764681139
4;9;MeanRows;False;NZW;1.0;1.0;1.0
4;9;MaxColumns;False;NZW;0.9565378900743968;0.9610174818397381;0.9520582983090556
4;9;MaxRows;False;NZW;1.0;1.0;1.0
4;10;From;False;NZW;0.3486394256218494;0.5025006684047911;0.1947781828389077
4;10;To;False;NZW;0.8952039483870579;0.9958455964695385;0.7945623003045772
4;10;MeanColumns;False;NZW;0.4038443377162475;0.588245318586308;0.219443356846187
4;10;MeanRows;False;NZW;1.0;1.0;1.0
4;10;MaxColumns;False;NZW;0.5613426921863829;0.7053355360412915;0.41734984833147437
4;10;MaxRows;False;NZW;1.0;1.0;1.0
4;11;From;False;NZW;0.9520823906346993;0.9352601133856457;0.968904667883753
4;11;To;False;NZW;1.0;1.0;1.0
4;11;MeanColumns;False;NZW;0.9950654838928672;0.9901309677857345;1.0
4;11;MeanRows;False;NZW;1.0;1.0;1.0
4;11;MaxColumns;False;NZW;1.0;1.0;1.0
4;11;MaxRows;False;NZW;1.0;1.0;1.0
5;Mean;From;False;NZW;0.899600435130307;0.9265599196742804;0.8726409505863335
5;Mean;To;False;NZW;1.0;1.0;1.0
5;Mean;MeanColumns;False;NZW;0.9987548048992327;0.9975096097984655;1.0
5;Mean;MeanRows;False;NZW;1.0;1.0;1.0
5;Mean;MaxColumns;False;NZW;1.0;1.0;1.0
5;Mean;MaxRows;False;NZW;1.0;1.0;1.0
5;Sum;From;False;NZW;0.899600435130307;0.9265599196742804;0.8726409505863335
5;Sum;To;False;NZW;1.0;1.0;1.0
5;Sum;MeanColumns;False;NZW;0.9987548048992327;0.9975096097984655;1.0
5;Sum;MeanRows;False;NZW;1.0;1.0;1.0
5;Sum;MaxColumns;False;NZW;1.0;1.0;1.0
5;Sum;MaxRows;False;NZW;1.0;1.0;1.0
5;0;From;False;NZW;0.9559222747684191;0.9954438557174139;0.9164006938194244
5;0;To;False;NZW;1.0;1.0;1.0
5;0;MeanColumns;False;NZW;0.9805536248204563;0.9969774649519175;0.9641297846889951
5;0;MeanRows;False;NZW;1.0;1.0;1.0
5;0;MaxColumns;False;NZW;0.9919956140350876;1.0;0.9839912280701754
5;0;MaxRows;False;NZW;1.0;1.0;1.0
5;1;From;False;NZW;0.7461295235314533;0.8405100779377765;0.6517489691251301
5;1;To;False;NZW;0.9719664533758643;0.9616609808362269;0.9822719259155017
5;1;MeanColumns;False;NZW;0.9942001001085332;1.0;0.9884002002170665
5;1;MeanRows;False;NZW;1.0;1.0;1.0
5;1;MaxColumns;False;NZW;0.9958985038289958;1.0;0.9917970076579915
5;1;MaxRows;False;NZW;1.0;1.0;1.0
5;2;From;False;NZW;0.9286235900254695;0.9291724512489083;0.9280747288020306
5;2;To;False;NZW;0.9995172543181698;0.9998568770573923;0.9991776315789473
5;2;MeanColumns;False;NZW;0.9846679898373243;0.9862894209701953;0.9830465587044533
5;2;MeanRows;False;NZW;1.0;1.0;1.0
5;2;MaxColumns;False;NZW;0.9998741505159828;0.9997483010319657;1.0
5;2;MaxRows;False;NZW;1.0;1.0;1.0
5;3;From;False;NZW;0.8315294513385818;0.7643077719634538;0.8987511307137098
5;3;To;False;NZW;0.9992897727272727;1.0;0.9985795454545454
5;3;MeanColumns;False;NZW;0.9987457265481886;0.9980895392207791;0.9994019138755981
5;3;MeanRows;False;NZW;1.0;1.0;1.0
5;3;MaxColumns;False;NZW;1.0;1.0;1.0
5;3;MaxRows;False;NZW;1.0;1.0;1.0
5;4;From;False;NZW;0.9065152320522225;0.8532135465467482;0.9598169175576969
5;4;To;False;NZW;0.9963216124690584;1.0;0.9926432249381166
5;4;MeanColumns;False;NZW;0.9802732261863492;0.9784855856078843;0.9820608667648141
5;4;MeanRows;False;NZW;1.0;1.0;1.0
5;4;MaxColumns;False;NZW;0.9986277231510061;0.9998322006879772;0.9974232456140352
5;4;MaxRows;False;NZW;1.0;1.0;1.0
5;5;From;False;NZW;0.917001233906771;0.8583960749374124;0.9756063928761296
5;5;To;False;NZW;1.0;1.0;1.0
5;5;MeanColumns;False;NZW;0.9824390099479625;0.9873369206442996;0.9775410992516256
5;5;MeanRows;False;NZW;1.0;1.0;1.0
5;5;MaxColumns;False;NZW;0.9952850877192982;1.0;0.9905701754385965
5;5;MaxRows;False;NZW;1.0;1.0;1.0
5;6;From;False;NZW;0.813630800662747;0.8129941886948259;0.814267412630668
5;6;To;False;NZW;0.9994019138755981;1.0;0.9988038277511961
5;6;MeanColumns;False;NZW;0.9602860997815019;0.9534553670920692;0.9671168324709347
5;6;MeanRows;False;NZW;1.0;1.0;1.0
5;6;MaxColumns;False;NZW;0.9909501459840491;0.9946817047137555;0.9872185872543425
5;6;MaxRows;False;NZW;1.0;1.0;1.0
5;7;From;False;NZW;0.8356021549340644;0.8358537458108075;0.8353505640573213
5;7;To;False;NZW;1.0;1.0;1.0
5;7;MeanColumns;False;NZW;0.9582456746164096;0.9164913492328194;1.0
5;7;MeanRows;False;NZW;1.0;1.0;1.0
5;7;MaxColumns;False;NZW;0.9972188412084204;0.9944376824168409;1.0
5;7;MaxRows;False;NZW;1.0;1.0;1.0
5;8;From;False;NZW;0.6353632371948349;0.6595254975834636;0.6112009768062062
5;8;To;False;NZW;0.9999471067386014;0.999894213477203;1.0
5;8;MeanColumns;False;NZW;0.9772229087314708;0.9555571931873202;0.9988886242756212
5;8;MeanRows;False;NZW;1.0;1.0;1.0
5;8;MaxColumns;False;NZW;0.9998313090418354;1.0;0.9996626180836707
5;8;MaxRows;False;NZW;1.0;1.0;1.0
5;9;From;False;NZW;0.7332565404818749;0.6548560652386395;0.8116570157251103
5;9;To;False;NZW;0.9991948840633051;1.0;0.9983897681266102
5;9;MeanColumns;False;NZW;0.961417687097101;0.9262801202376322;0.9965552539565699
5;9;MeanRows;False;NZW;1.0;1.0;1.0
5;9;MaxColumns;False;NZW;0.982518772386954;0.9665178079318028;0.9985197368421053
5;9;MaxRows;False;NZW;1.0;1.0;1.0
5;10;From;False;NZW;0.8663761197937876;0.8320886023338011;0.900663637253774
5;10;To;False;NZW;0.9996249228745386;0.9998479318734793;0.9994019138755981
5;10;MeanColumns;False;NZW;0.9357133299486038;0.8893466237053291;0.9820800361918783
5;10;MeanRows;False;NZW;1.0;1.0;1.0
5;10;MaxColumns;False;NZW;0.9802706184870479;0.9648611312610953;0.9956801057130005
5;10;MaxRows;False;NZW;1.0;1.0;1.0
5;11;From;False;NZW;0.838254144266258;0.8566671385497757;0.8198411499827403
5;11;To;False;NZW;0.9992690058479532;1.0;0.9985380116959064
5;11;MeanColumns;False;NZW;0.9560805143733462;0.9139552871198982;0.9982057416267942
5;11;MeanRows;False;NZW;1.0;1.0;1.0
5;11;MaxColumns;False;NZW;0.9970219313633502;0.9940438627267002;1.0
5;11;MaxRows;False;NZW;1.0;1.0;1.0
6;Mean;From;False;NZW;0.9659025682953442;0.9561089631390969;0.9756961734515915
6;Mean;To;False;NZW;1.0;1.0;1.0
6;Mean;MeanColumns;False;NZW;0.9876768922994705;0.9876260518054186;0.9877277327935223
6;Mean;MeanRows;False;NZW;1.0;1.0;1.0
6;Mean;MaxColumns;False;NZW;0.9995888157894737;1.0;0.9991776315789473
6;Mean;MaxRows;False;NZW;1.0;1.0;1.0
6;Sum;From;False;NZW;0.9659025682953442;0.9561089631390969;0.9756961734515915
6;Sum;To;False;NZW;1.0;1.0;1.0
6;Sum;MeanColumns;False;NZW;0.9876768922994705;0.9876260518054186;0.9877277327935223
6;Sum;MeanRows;False;NZW;1.0;1.0;1.0
6;Sum;MaxColumns;False;NZW;0.9995888157894737;1.0;0.9991776315789473
6;Sum;MaxRows;False;NZW;1.0;1.0;1.0
6;0;From;False;NZW;0.9992570064812989;0.9985140129625977;1.0
6;0;To;False;NZW;1.0;1.0;1.0
6;0;MeanColumns;False;NZW;0.9948665166933296;0.9992449030958973;0.9904881302907619
6;0;MeanRows;False;NZW;1.0;1.0;1.0
6;0;MaxColumns;False;NZW;1.0;1.0;1.0
6;0;MaxRows;False;NZW;1.0;1.0;1.0
6;1;From;False;NZW;0.8674461564353387;0.9605705869660501;0.7743217259046273
6;1;To;False;NZW;0.950396727680766;0.9498573527289527;0.9509361026325793
6;1;MeanColumns;False;NZW;0.9467303954032158;0.9900770477584503;0.9033837430479813
6;1;MeanRows;False;NZW;1.0;1.0;1.0
6;1;MaxColumns;False;NZW;0.9515607047633503;0.9986623557049298;0.9044590538217708
6;1;MaxRows;False;NZW;1.0;1.0;1.0
6;2;From;False;NZW;0.882418713121186;0.9039991088953558;0.8608383173470162
6;2;To;False;NZW;0.9875316836660002;0.9983887252031417;0.9766746421288587
6;2;MeanColumns;False;NZW;0.9378522073253656;0.9330647078662876;0.9426397067844435
6;2;MeanRows;False;NZW;1.0;1.0;1.0
6;2;MaxColumns;False;NZW;0.9847385547119089;0.998950760772469;0.9705263486513487
6;2;MaxRows;False;NZW;1.0;1.0;1.0
6;3;From;False;NZW;0.8246208759251215;0.7874207170815538;0.8618210347686892
6;3;To;False;NZW;0.9906832703620146;0.9990036915848645;0.9823628491391648
6;3;MeanColumns;False;NZW;0.9510159110898159;0.91613860355615;0.9858932186234818
6;3;MeanRows;False;NZW;1.0;1.0;1.0
6;3;MaxColumns;False;NZW;0.995101065691393;0.9912142771317738;0.9989878542510121
6;3;MaxRows;False;NZW;1.0;1.0;1.0
6;4;From;False;NZW;0.6900034649437375;0.63709036941724;0.7429165604702351
6;4;To;False;NZW;0.9923499009607586;0.9987194263029837;0.9859803756185336
6;4;MeanColumns;False;NZW;0.8674689042770478;0.7415972675161862;0.9933405410379095
6;4;MeanRows;False;NZW;1.0;1.0;1.0
6;4;MaxColumns;False;NZW;0.9707004324254855;0.9432353790210115;0.9981654858299595
6;4;MaxRows;False;NZW;1.0;1.0;1.0
6;5;From;False;NZW;0.7430557261383715;0.6703482196728352;0.8157632326039077
6;5;To;False;NZW;0.9759628809335361;0.9973753758925378;0.9545503859745345
6;5;MeanColumns;False;NZW;0.8901285540513659;0.8018449500853106;0.9784121580174212
6;5;MeanRows;False;NZW;1.0;1.0;1.0
6;5;MaxColumns;False;NZW;0.9853871990157153;0.9793872216113594;0.9913871764200711
6;5;MaxRows;False;NZW;1.0;1.0;1.0
6;6;From;False;NZW;0.7291373776984114;0.6013459915483862;0.8569287638484366
6;6;To;False;NZW;0.9954677271175061;0.9993917274939172;0.991543726741095
6;6;MeanColumns;False;NZW;0.8572019443481429;0.7341215613744846;0.9802823273218011
6;6;MeanRows;False;NZW;1.0;1.0;1.0
6;6;MaxColumns;False;NZW;0.96424052322512;0.92848104645024;1.0
6;6;MaxRows;False;NZW;1.0;1.0;1.0
6;7;From;False;NZW;0.6614722049327519;0.5740304685922275;0.7489139412732765
6;7;To;False;NZW;0.9240189015002354;0.9967820434129202;0.8512557595875506
6;7;MeanColumns;False;NZW;0.8379022044813219;0.7599535802248182;0.9158508287378256
6;7;MeanRows;False;NZW;1.0;1.0;1.0
6;7;MaxColumns;False;NZW;0.9655735096618326;0.9597613543070438;0.9713856650166215
6;7;MaxRows;False;NZW;1.0;1.0;1.0
6;8;From;False;NZW;0.7723852518847031;0.6584067335396211;0.8863637702297851
6;8;To;False;NZW;0.9677656877672407;0.9979173278324341;0.9376140477020474
6;8;MeanColumns;False;NZW;0.8280099481677288;0.7193614341835746;0.9366584621518831
6;8;MeanRows;False;NZW;1.0;1.0;1.0
6;8;MaxColumns;False;NZW;0.956994647104558;0.9393387619927942;0.9746505322163217
6;8;MaxRows;False;NZW;1.0;1.0;1.0
6;9;From;False;NZW;0.7952014488739854;0.7913337764723783;0.7990691212755925
6;9;To;False;NZW;0.8502321198117229;0.893465810934682;0.8069984286887637
6;9;MeanColumns;False;NZW;0.9743067658409615;0.9997288196876908;0.9488847119942323
6;9;MeanRows;False;NZW;1.0;1.0;1.0
6;9;MaxColumns;False;NZW;0.9751589943024529;0.9996640018537829;0.9506539867511229
6;9;MaxRows;False;NZW;1.0;1.0;1.0
6;10;From;False;NZW;0.85551397235419;0.8053361620197775;0.9056917826886026
6;10;To;False;NZW;0.9710171926314639;0.9975115448422543;0.9445228404206734
6;10;MeanColumns;False;NZW;0.922653037455787;0.9028806275519161;0.9424254473596578
6;10;MeanRows;False;NZW;1.0;1.0;1.0
6;10;MaxColumns;False;NZW;0.9899136159893147;0.9989475305397176;0.9808797014389119
6;10;MaxRows;False;NZW;1.0;1.0;1.0
6;11;From;False;NZW;0.8856398430332706;0.7886465480057715;0.9826331380607698
6;11;To;False;NZW;0.9961622261318526;0.9996958637469586;0.9926285885167464
6;11;MeanColumns;False;NZW;0.9657280136975437;0.9322783958161401;0.9991776315789473
6;11;MeanRows;False;NZW;1.0;1.0;1.0
6;11;MaxColumns;False;NZW;0.9951083292787278;0.9902166585574557;1.0
6;11;MaxRows;False;NZW;1.0;1.0;1.0
7;Mean;From;False;NZW;0.9124005642438959;0.8320014208854527;0.9927997076023393
7;Mean;To;False;NZW;1.0;1.0;1.0
7;Mean;MeanColumns;False;NZW;0.9455616819988253;0.8911233639976506;1.0
7;Mean;MeanRows;False;NZW;1.0;1.0;1.0
7;Mean;MaxColumns;False;NZW;0.9918686227467814;0.983737245493563;1.0
7;Mean;MaxRows;False;NZW;1.0;1.0;1.0
7;Sum;From;False;NZW;0.9124005642438959;0.8320014208854527;0.9927997076023393
7;Sum;To;False;NZW;1.0;1.0;1.0
7;Sum;MeanColumns;False;NZW;0.9455616819988253;0.8911233639976506;1.0
7;Sum;MeanRows;False;NZW;1.0;1.0;1.0
7;Sum;MaxColumns;False;NZW;0.9918686227467814;0.983737245493563;1.0
7;Sum;MaxRows;False;NZW;1.0;1.0;1.0
7;0;From;False;NZW;0.9537589400270192;0.9562443084244298;0.9512735716296086
7;0;To;False;NZW;0.9741042726505915;0.9802078744464099;0.968000670854773
7;0;MeanColumns;False;NZW;0.9642818915947006;0.9384034501014364;0.9901603330879647
7;0;MeanRows;False;NZW;1.0;1.0;1.0
7;0;MaxColumns;False;NZW;0.994211619296222;0.9966314046953468;0.9917918338970971
7;0;MaxRows;False;NZW;1.0;1.0;1.0
7;1;From;False;NZW;0.8165333487470855;0.6881178415255782;0.9449488559685928
7;1;To;False;NZW;0.9928835690561326;0.9986147437230289;0.9871523943892364
7;1;MeanColumns;False;NZW;0.9537782590077676;0.918462005072338;0.9890945129431972
7;1;MeanRows;False;NZW;1.0;1.0;1.0
7;1;MaxColumns;False;NZW;0.9971939449681293;0.9959981218096485;0.9983897681266102
7;1;MaxRows;False;NZW;1.0;1.0;1.0
7;2;From;False;NZW;0.8327379685004814;0.7241850490962978;0.9412908879046651
7;2;To;False;NZW;0.994341793441121;0.9987729675308332;0.9899106193514088
7;2;MeanColumns;False;NZW;0.9466143900324014;0.8956613803592454;0.9975673997055575
7;2;MeanRows;False;NZW;1.0;1.0;1.0
7;2;MaxColumns;False;NZW;0.9992081721976762;0.9984163443953525;1.0
7;2;MaxRows;False;NZW;1.0;1.0;1.0
7;3;From;False;NZW;0.7997330851760951;0.6601780236433777;0.9392881467088124
7;3;To;False;NZW;0.9675607164993782;0.9877726700056438;0.9473487629931127
7;3;MeanColumns;False;NZW;0.9000668612632625;0.8325818117180355;0.9675519108084896
7;3;MeanRows;False;NZW;1.0;1.0;1.0
7;3;MaxColumns;False;NZW;0.9714732507776271;0.9462359752394649;0.9967105263157895
7;3;MaxRows;False;NZW;1.0;1.0;1.0
7;4;From;False;NZW;0.7274427146894797;0.5422233795265071;0.9126620498524524
7;4;To;False;NZW;0.9945507162966585;0.9996958637469586;0.9894055688463583
7;4;MeanColumns;False;NZW;0.8759775847933475;0.7704114939640723;0.9815436756226229
7;4;MeanRows;False;NZW;1.0;1.0;1.0
7;4;MaxColumns;False;NZW;0.9887530268867635;0.9786025450015972;0.9989035087719299
7;4;MaxRows;False;NZW;1.0;1.0;1.0
7;5;From;False;NZW;0.8080394532864756;0.6160789065729512;1.0
7;5;To;False;NZW;0.999826207855405;0.99965241571081;1.0
7;5;MeanColumns;False;NZW;0.8625259014522492;0.7250518029044983;1.0
7;5;MeanRows;False;NZW;1.0;1.0;1.0
7;5;MaxColumns;False;NZW;0.9357580906837817;0.8715161813675633;1.0
7;5;MaxRows;False;NZW;1.0;1.0;1.0
7;6;From;False;NZW;0.680701837843725;0.5375412539711785;0.8238624217162714
7;6;To;False;NZW;0.9844303163552739;0.9966936184382705;0.9721670142722774
7;6;MeanColumns;False;NZW;0.8678584295714515;0.7614307286067726;0.9742861305361304
7;6;MeanRows;False;NZW;1.0;1.0;1.0
7;6;MaxColumns;False;NZW;0.9740293664482399;0.9509096100894623;0.9971491228070175
7;6;MaxRows;False;NZW;1.0;1.0;1.0
7;7;From;False;NZW;0.8798782213381684;0.7648817084923922;0.9948747341839447
7;7;To;False;NZW;1.0;1.0;1.0
7;7;MeanColumns;False;NZW;0.9614481974245942;0.9239085405981763;0.9989878542510121
7;7;MeanRows;False;NZW;1.0;1.0;1.0
7;7;MaxColumns;False;NZW;0.9896468915591813;0.9792937831183626;1.0
7;7;MaxRows;False;NZW;1.0;1.0;1.0
7;8;From;False;NZW;0.7673379593056494;0.6050110927680674;0.9296648258432314
7;8;To;False;NZW;0.9780187202298496;0.9977061368304079;0.9583313036292913
7;8;MeanColumns;False;NZW;0.842614543054176;0.7386619471070025;0.9465671390013496
7;8;MeanRows;False;NZW;1.0;1.0;1.0
7;8;MaxColumns;False;NZW;0.9567834283033001;0.9389331204597061;0.974633736146894
7;8;MaxRows;False;NZW;1.0;1.0;1.0
7;9;From;False;NZW;0.8540797955779301;0.7840069925934319;0.9241525985624284
7;9;To;False;NZW;0.9853485213310353;0.9981785888936167;0.9725184537684539
7;9;MeanColumns;False;NZW;0.8955442767181927;0.8577195649687128;0.9333689884676726
7;9;MeanRows;False;NZW;1.0;1.0;1.0
7;9;MaxColumns;False;NZW;0.9791120131584992;0.9739851292491539;0.9842388970678444
7;9;MaxRows;False;NZW;1.0;1.0;1.0
7;10;From;False;NZW;0.8114378029963462;0.6906363808645353;0.932239225128157
7;10;To;False;NZW;0.9885103060050817;0.9991592555303856;0.9778613564797777
7;10;MeanColumns;False;NZW;0.9217404562048345;0.8837041212184042;0.9597767911912647
7;10;MeanRows;False;NZW;1.0;1.0;1.0
7;10;MaxColumns;False;NZW;0.9832962417360194;0.9711532735591446;0.9954392099128941
7;10;MaxRows;False;NZW;1.0;1.0;1.0
7;11;From;False;NZW;0.9198699220081283;0.9014864855326352;0.9382533584836216
7;11;To;False;NZW;0.9920425449870088;0.9997483010319657;0.984336788942052
7;11;MeanColumns;False;NZW;0.9024339436544969;0.8679103820949099;0.9369575052140839
7;11;MeanRows;False;NZW;1.0;1.0;1.0
7;11;MaxColumns;False;NZW;0.9785005057573704;0.9827148809786104;0.9742861305361304
7;11;MaxRows;False;NZW;1.0;1.0;1.0
8;Mean;From;False;NZW;0.9159374782279874;0.8385746712149003;0.9933002852410747
8;Mean;To;False;NZW;1.0;1.0;1.0
8;Mean;MeanColumns;False;NZW;0.9779354026636329;0.9699775867037839;0.9858932186234818
8;Mean;MeanRows;False;NZW;1.0;1.0;1.0
8;Mean;MaxColumns;False;NZW;0.9995709768797678;0.9991419537595355;1.0
8;Mean;MaxRows;False;NZW;1.0;1.0;1.0
8;Sum;From;False;NZW;0.9159374782279874;0.8385746712149003;0.9933002852410747
8;Sum;To;False;NZW;1.0;1.0;1.0
8;Sum;MeanColumns;False;NZW;0.9779354026636329;0.9699775867037839;0.9858932186234818
8;Sum;MeanRows;False;NZW;1.0;1.0;1.0
8;Sum;MaxColumns;False;NZW;0.9995709768797678;0.9991419537595355;1.0
8;Sum;MaxRows;False;NZW;1.0;1.0;1.0
8;0;From;False;NZW;0.8862716317008843;0.7953447857098698;0.9771984776918987
8;0;To;False;NZW;0.9967139820459564;0.9977308614869156;0.9956971026049972
8;0;MeanColumns;False;NZW;0.9692446992200745;0.9395015441891368;0.9989878542510121
8;0;MeanRows;False;NZW;1.0;1.0;1.0
8;0;MaxColumns;False;NZW;0.9925100486019645;0.9850200972039289;1.0
8;0;MaxRows;False;NZW;1.0;1.0;1.0
8;1;From;False;NZW;0.7833252041722154;0.6216166957120339;0.9450337126323969
8;1;To;False;NZW;0.9999239659367396;0.9998479318734793;1.0
8;1;MeanColumns;False;NZW;0.9375230040712578;0.9325907112464293;0.9424552968960862
8;1;MeanRows;False;NZW;1.0;1.0;1.0
8;1;MaxColumns;False;NZW;0.9855412789299575;0.9816890018545169;0.989393556005398
8;1;MaxRows;False;NZW;1.0;1.0;1.0
8;2;From;False;NZW;0.895547275924484;0.8637562651356815;0.9273382867132867
8;2;To;False;NZW;0.9962887989203779;1.0;0.9925775978407557
8;2;MeanColumns;False;NZW;0.8581516354764434;0.7607380028876186;0.955565268065268
8;2;MeanRows;False;NZW;1.0;1.0;1.0
8;2;MaxColumns;False;NZW;0.9749466852689894;0.953880611367325;0.9960127591706538
8;2;MaxRows;False;NZW;1.0;1.0;1.0
8;3;From;False;NZW;0.8078829698355692;0.6695257032993233;0.9462402363718152
8;3;To;False;NZW;0.998031633323244;0.9995437956204379;0.9965194710260499
8;3;MeanColumns;False;NZW;0.9168796543874318;0.8870714023830101;0.9466879063918536
8;3;MeanRows;False;NZW;1.0;1.0;1.0
8;3;MaxColumns;False;NZW;0.9559723581919242;0.9410605201707047;0.9708841962131437
8;3;MaxRows;False;NZW;1.0;1.0;1.0
8;4;From;False;NZW;0.8639294702831504;0.8021653906951194;0.9256935498711814
8;4;To;False;NZW;0.9862053638340629;0.9962987731022237;0.9761119545659019
8;4;MeanColumns;False;NZW;0.9585535366679994;0.9791374223729268;0.9379696509630718
8;4;MeanRows;False;NZW;1.0;1.0;1.0
8;4;MaxColumns;False;NZW;0.9810075433430052;0.9986152737796185;0.9633998129063919
8;4;MaxRows;False;NZW;1.0;1.0;1.0
8;5;From;False;NZW;0.817838607419042;0.7606548505065093;0.8750223643315748
8;5;To;False;NZW;0.9080763756664756;0.9451832237844762;0.870969527548475
8;5;MeanColumns;False;NZW;0.9332740963709447;0.9235714874296579;0.9429767053122314
8;5;MeanRows;False;NZW;1.0;1.0;1.0
8;5;MaxColumns;False;NZW;1.0;1.0;1.0
8;5;MaxRows;False;NZW;1.0;1.0;1.0
8;6;From;False;NZW;0.8191061811167815;0.6871388743179697;0.9510734879155931
8;6;To;False;NZW;0.99922479063724;0.9992719496955326;0.9991776315789473
8;6;MeanColumns;False;NZW;0.9186562849285732;0.8891850394927739;0.9481275303643725
8;6;MeanRows;False;NZW;1.0;1.0;1.0
8;6;MaxColumns;False;NZW;0.9830334106977333;0.9684994216899091;0.9975673997055575
8;6;MaxRows;False;NZW;1.0;1.0;1.0
8;7;From;False;NZW;0.9326982755383213;0.896704059357835;0.9686924917188076
8;7;To;False;NZW;0.9995888157894737;1.0;0.9991776315789473
8;7;MeanColumns;False;NZW;0.9753427780045615;0.9862601787547984;0.9644253772543245
8;7;MeanRows;False;NZW;1.0;1.0;1.0
8;7;MaxColumns;False;NZW;0.9984306232300975;0.9968612464601949;1.0
8;7;MaxRows;False;NZW;1.0;1.0;1.0
8;8;From;False;NZW;0.8957390204090518;0.7923004092391562;0.9991776315789473
8;8;To;False;NZW;0.998550903999237;0.9985637963025675;0.9985380116959064
8;8;MeanColumns;False;NZW;0.9245751095487278;0.8547572765137236;0.9943929425837321
8;8;MeanRows;False;NZW;1.0;1.0;1.0
8;8;MaxColumns;False;NZW;0.9741264148309291;0.9482528296618582;1.0
8;8;MaxRows;False;NZW;1.0;1.0;1.0
8;9;From;False;NZW;0.7673895364540516;0.578447794537351;0.9563312783707523
8;9;To;False;NZW;0.9997803460394701;0.9995606920789403;1.0
8;9;MeanColumns;False;NZW;0.8975806178381491;0.8349569662615026;0.9602042694147958
8;9;MeanRows;False;NZW;1.0;1.0;1.0
8;9;MaxColumns;False;NZW;0.9776542904346228;0.958529044616025;0.9967795362532206
8;9;MaxRows;False;NZW;1.0;1.0;1.0
8;10;From;False;NZW;0.8572173518415476;0.7726925094737959;0.9417421942092994
8;10;To;False;NZW;0.9998654109684817;0.9997308219369633;1.0
8;10;MeanColumns;False;NZW;0.9440716699936542;0.9397570223575697;0.9483863176297386
8;10;MeanRows;False;NZW;1.0;1.0;1.0
8;10;MaxColumns;False;NZW;0.9965065738121566;0.994025293373301;0.9989878542510121
8;10;MaxRows;False;NZW;1.0;1.0;1.0
8;11;From;False;NZW;0.972631071407613;0.9452621428152258;1.0
8;11;To;False;NZW;0.9996958637469586;0.9993917274939172;1.0
8;11;MeanColumns;False;NZW;0.9908124730066272;0.9816249460132543;1.0
8;11;MeanRows;False;NZW;1.0;1.0;1.0
8;11;MaxColumns;False;NZW;0.9989945363973449;0.99798907279469;1.0
8;11;MaxRows;False;NZW;1.0;1.0;1.0
9;Mean;From;False;NZW;0.9903575140591947;0.9807150281183895;1.0
9;Mean;To;False;NZW;0.9999239659367396;0.9998479318734793;1.0
9;Mean;MeanColumns;False;NZW;0.9984620732734084;0.9969241465468169;1.0
9;Mean;MeanRows;False;NZW;1.0;1.0;1.0
9;Mean;MaxColumns;False;NZW;1.0;1.0;1.0
9;Mean;MaxRows;False;NZW;1.0;1.0;1.0
9;Sum;From;False;NZW;0.9903575140591947;0.9807150281183895;1.0
9;Sum;To;False;NZW;0.9999239659367396;0.9998479318734793;1.0
9;Sum;MeanColumns;False;NZW;0.9984620732734084;0.9969241465468169;1.0
9;Sum;MeanRows;False;NZW;1.0;1.0;1.0
9;Sum;MaxColumns;False;NZW;1.0;1.0;1.0
9;Sum;MaxRows;False;NZW;1.0;1.0;1.0
9;0;From;False;NZW;0.9521323092991306;0.906288910096237;0.9979757085020242
9;0;To;False;NZW;0.9683456317646353;0.9366912635292706;1.0
9;0;MeanColumns;False;NZW;0.9956698010498471;0.9913396020996943;1.0
9;0;MeanRows;False;NZW;1.0;1.0;1.0
9;0;MaxColumns;False;NZW;1.0;1.0;1.0
9;0;MaxRows;False;NZW;1.0;1.0;1.0
9;1;From;False;NZW;0.9965692471436722;0.9943346665361484;0.9988038277511961
9;1;To;False;NZW;0.9999239659367396;0.9998479318734793;1.0
9;1;MeanColumns;False;NZW;0.9872999410715988;0.9745998821431977;1.0
9;1;MeanRows;False;NZW;1.0;1.0;1.0
9;1;MaxColumns;False;NZW;0.9998777491531892;0.9997554983063784;1.0
9;1;MaxRows;False;NZW;1.0;1.0;1.0
9;2;From;False;NZW;0.9972145575076936;0.9962636291854278;0.9981654858299595
9;2;To;False;NZW;0.9999239659367396;0.9998479318734793;1.0
9;2;MeanColumns;False;NZW;0.9986632446349227;0.999161003439886;0.9981654858299595
9;2;MeanRows;False;NZW;1.0;1.0;1.0
9;2;MaxColumns;False;NZW;1.0;1.0;1.0
9;2;MaxRows;False;NZW;1.0;1.0;1.0
9;3;From;False;NZW;0.8007722115014841;0.6015444230029682;1.0
9;3;To;False;NZW;0.9335895721249097;0.8671791442498195;1.0
9;3;MeanColumns;False;NZW;0.9435874717657253;0.8881870892804385;0.9989878542510121
9;3;MeanRows;False;NZW;1.0;1.0;1.0
9;3;MaxColumns;False;NZW;0.9997775460549183;0.9995550921098366;1.0
9;3;MaxRows;False;NZW;1.0;1.0;1.0
9;4;From;False;NZW;0.9149099395624083;0.8400678548333188;0.9897520242914979
9;4;To;False;NZW;0.9996539139189529;0.9993078278379058;1.0
9;4;MeanColumns;False;NZW;0.9700519396516784;0.9419383934733973;0.9981654858299595
9;4;MeanRows;False;NZW;1.0;1.0;1.0
9;4;MaxColumns;False;NZW;0.9999420692851351;0.99988413857027;1.0
9;4;MaxRows;False;NZW;1.0;1.0;1.0
9;5;From;False;NZW;0.8225500685494721;0.6695296549495148;0.9755704821494294
9;5;To;False;NZW;0.9595872329070307;0.9249713005582645;0.9942031652557969
9;5;MeanColumns;False;NZW;0.9259096868077115;0.8729191619849481;0.9789002116304747
9;5;MeanRows;False;NZW;1.0;1.0;1.0
9;5;MaxColumns;False;NZW;0.9975450693388709;0.9950901386777418;1.0
9;5;MaxRows;False;NZW;1.0;1.0;1.0
9;6;From;False;NZW;0.9114402910019732;0.851605968459596;0.9712746135443503
9;6;To;False;NZW;0.9988845914167882;0.9989653550823803;0.9988038277511961
9;6;MeanColumns;False;NZW;0.9911431939873582;0.9876001531569026;0.9946862348178137
9;6;MeanRows;False;NZW;1.0;1.0;1.0
9;6;MaxColumns;False;NZW;0.9996671980311548;0.9993343960623096;1.0
9;6;MaxRows;False;NZW;1.0;1.0;1.0
9;7;From;False;NZW;0.9896701319468466;0.9955806025024528;0.9837596613912404
9;7;To;False;NZW;0.9928270317184765;0.9878623814347446;0.9977916820022085
9;7;MeanColumns;False;NZW;0.999412824124695;0.9998377939983779;0.9989878542510121
9;7;MeanRows;False;NZW;1.0;1.0;1.0
9;7;MaxColumns;False;NZW;1.0;1.0;1.0
9;7;MaxRows;False;NZW;1.0;1.0;1.0
9;8;From;False;NZW;0.8770540869573797;0.8194433321775492;0.9346648417372102
9;8;To;False;NZW;0.9998732765612328;0.9997465531224655;1.0
9;8;MeanColumns;False;NZW;0.9386252183903914;0.9437204251257714;0.9335300116550115
9;8;MeanRows;False;NZW;1.0;1.0;1.0
9;8;MaxColumns;False;NZW;0.9725347255858572;0.9986403320452268;0.9464291191264875
9;8;MaxRows;False;NZW;1.0;1.0;1.0
9;9;From;False;NZW;0.8093014954328717;0.6749515217208534;0.9436514691448901
9;9;To;False;NZW;0.99371080876658;0.9874216175331602;1.0
9;9;MeanColumns;False;NZW;0.9233248245286859;0.8943738546763144;0.9522757943810575
9;9;MeanRows;False;NZW;1.0;1.0;1.0
9;9;MaxColumns;False;NZW;0.9715785928071068;0.9741541491769665;0.9690030364372471
9;9;MaxRows;False;NZW;1.0;1.0;1.0
9;10;From;False;NZW;0.8400509952056818;0.6811141361603517;0.9989878542510121
9;10;To;False;NZW;0.9866618448470743;0.9733236896941487;1.0
9;10;MeanColumns;False;NZW;0.8854770832593194;0.7709541665186388;1.0
9;10;MeanRows;False;NZW;1.0;1.0;1.0
9;10;MaxColumns;False;NZW;0.9995972050629028;0.9991944101258057;1.0
9;10;MaxRows;False;NZW;1.0;1.0;1.0
9;11;From;False;NZW;0.9628473784811895;0.9271567452664725;0.9985380116959064
9;11;To;False;NZW;0.999436747662953;0.9996958637469586;0.9991776315789473
9;11;MeanColumns;False;NZW;0.9682303534502732;0.9364607069005463;1.0
9;11;MeanRows;False;NZW;1.0;1.0;1.0
9;11;MaxColumns;False;NZW;1.0;1.0;1.0
9;11;MaxRows;False;NZW;1.0;1.0;1.0
10;Mean;From;False;NZW;0.9999161003439886;0.9998322006879772;1.0
10;Mean;To;False;NZW;1.0;1.0;1.0
10;Mean;MeanColumns;False;NZW;0.9999580501719942;0.9999161003439886;1.0
10;Mean;MeanRows;False;NZW;1.0;1.0;1.0
10;Mean;MaxColumns;False;NZW;1.0;1.0;1.0
10;Mean;MaxRows;False;NZW;1.0;1.0;1.0
10;Sum;From;False;NZW;0.9999161003439886;0.9998322006879772;1.0
10;Sum;To;False;NZW;1.0;1.0;1.0
10;Sum;MeanColumns;False;NZW;0.9999580501719942;0.9999161003439886;1.0
10;Sum;MeanRows;False;NZW;1.0;1.0;1.0
10;Sum;MaxColumns;False;NZW;1.0;1.0;1.0
10;Sum;MaxRows;False;NZW;1.0;1.0;1.0
10;0;From;False;NZW;0.8536167720902859;0.7951357735301693;0.9120977706504023
10;0;To;False;NZW;0.9842734020365599;1.0;0.9685468040731198
10;0;MeanColumns;False;NZW;0.8929193010256375;0.837552786989144;0.9482858150621309
10;0;MeanRows;False;NZW;1.0;1.0;1.0
10;0;MaxColumns;False;NZW;0.999826207855405;0.99965241571081;1.0
10;0;MaxRows;False;NZW;1.0;1.0;1.0
10;1;From;False;NZW;0.9996119640909472;0.9992239281818944;1.0
10;1;To;False;NZW;0.9999239659367396;0.9998479318734793;1.0
10;1;MeanColumns;False;NZW;1.0;1.0;1.0
10;1;MeanRows;False;NZW;1.0;1.0;1.0
10;1;MaxColumns;False;NZW;1.0;1.0;1.0
10;1;MaxRows;False;NZW;1.0;1.0;1.0
10;2;From;False;NZW;0.9991977095393909;0.9983954190787817;1.0
10;2;To;False;NZW;1.0;1.0;1.0
10;2;MeanColumns;False;NZW;1.0;1.0;1.0
10;2;MeanRows;False;NZW;1.0;1.0;1.0
10;2;MaxColumns;False;NZW;1.0;1.0;1.0
10;2;MaxRows;False;NZW;1.0;1.0;1.0
10;3;From;False;NZW;0.9978008158577183;0.9956016317154366;1.0
10;3;To;False;NZW;0.9994939271255061;1.0;0.9989878542510121
10;3;MeanColumns;False;NZW;0.9997958441703723;0.9995916883407445;1.0
10;3;MeanRows;False;NZW;1.0;1.0;1.0
10;3;MaxColumns;False;NZW;0.9999580501719942;0.9999161003439886;1.0
10;3;MaxRows;False;NZW;1.0;1.0;1.0
10;4;From;False;NZW;0.9888764860240137;0.9897722028172582;0.9879807692307692
10;4;To;False;NZW;1.0;1.0;1.0
10;4;MeanColumns;False;NZW;0.9881436706249109;0.9979104549781989;0.9783768862716231
10;4;MeanRows;False;NZW;1.0;1.0;1.0
10;4;MaxColumns;False;NZW;0.9946862348178138;1.0;0.9893724696356275
10;4;MaxRows;False;NZW;1.0;1.0;1.0
10;5;From;False;NZW;0.9888359765739314;0.9990036915848645;0.9786682615629984
10;5;To;False;NZW;1.0;1.0;1.0
10;5;MeanColumns;False;NZW;0.9827879943506226;0.9999161003439886;0.9656598883572566
10;5;MeanRows;False;NZW;1.0;1.0;1.0
10;5;MaxColumns;False;NZW;1.0;1.0;1.0
10;5;MaxRows;False;NZW;1.0;1.0;1.0
10;6;From;False;NZW;0.9720319860672149;0.9440639721344296;1.0
10;6;To;False;NZW;1.0;1.0;1.0
10;6;MeanColumns;False;NZW;0.9988983610384589;0.9977967220769177;1.0
10;6;MeanRows;False;NZW;1.0;1.0;1.0
10;6;MaxColumns;False;NZW;1.0;1.0;1.0
10;6;MaxRows;False;NZW;1.0;1.0;1.0
10;7;From;False;NZW;0.9985284480734254;0.9970568961468509;1.0
10;7;To;False;NZW;0.9999239659367396;0.9998479318734793;1.0
10;7;MeanColumns;False;NZW;0.9998522636491973;0.9997045272983945;1.0
10;7;MeanRows;False;NZW;1.0;1.0;1.0
10;7;MaxColumns;False;NZW;1.0;1.0;1.0
10;7;MaxRows;False;NZW;1.0;1.0;1.0
10;8;From;False;NZW;0.9979809953006932;0.9976067274434917;0.9983552631578947
10;8;To;False;NZW;1.0;1.0;1.0
10;8;MeanColumns;False;NZW;0.9962361741450783;0.9996206276423831;0.9928517206477734
10;8;MeanRows;False;NZW;1.0;1.0;1.0
10;8;MaxColumns;False;NZW;0.9999580501719942;0.9999161003439886;1.0
10;8;MaxRows;False;NZW;1.0;1.0;1.0
10;9;From;False;NZW;0.9990265172265735;0.998053034453147;1.0
10;9;To;False;NZW;0.9999239659367396;0.9998479318734793;1.0
10;9;MeanColumns;False;NZW;0.9999161003439886;0.9998322006879772;1.0
10;9;MeanRows;False;NZW;1.0;1.0;1.0
10;9;MaxColumns;False;NZW;1.0;1.0;1.0
10;9;MaxRows;False;NZW;1.0;1.0;1.0
10;10;From;False;NZW;0.691777660574102;0.7061609759423263;0.6773943452058777
10;10;To;False;NZW;0.8439684929322477;0.7274216240333442;0.9605153618311513
10;10;MeanColumns;False;NZW;0.8544815523642362;0.8753291110132093;0.8336339937152629
10;10;MeanRows;False;NZW;1.0;1.0;1.0
10;10;MaxColumns;False;NZW;1.0;1.0;1.0
10;10;MaxRows;False;NZW;1.0;1.0;1.0
10;11;From;False;NZW;0.9944594012616487;0.9998479318734793;0.989070870649818
10;11;To;False;NZW;0.9994677615571776;0.9989355231143552;1.0
10;11;MeanColumns;False;NZW;1.0;1.0;1.0
10;11;MeanRows;False;NZW;1.0;1.0;1.0
10;11;MaxColumns;False;NZW;1.0;1.0;1.0
10;11;MaxRows;False;NZW;1.0;1.0;1.0
11;Mean;From;False;NZW;1.0;1.0;1.0
11;Mean;To;False;NZW;1.0;1.0;1.0
11;Mean;MeanColumns;False;NZW;1.0;1.0;1.0
11;Mean;MeanRows;False;NZW;1.0;1.0;1.0
11;Mean;MaxColumns;False;NZW;1.0;1.0;1.0
11;Mean;MaxRows;False;NZW;1.0;1.0;1.0
11;Sum;From;False;NZW;1.0;1.0;1.0
11;Sum;To;False;NZW;1.0;1.0;1.0
11;Sum;MeanColumns;False;NZW;1.0;1.0;1.0
11;Sum;MeanRows;False;NZW;1.0;1.0;1.0
11;Sum;MaxColumns;False;NZW;1.0;1.0;1.0
11;Sum;MaxRows;False;NZW;1.0;1.0;1.0
11;0;From;False;NZW;0.9732387682109156;0.9993917274939172;0.947085808927914
11;0;To;False;NZW;0.9811206889217838;0.9993917274939172;0.9628496503496503
11;0;MeanColumns;False;NZW;0.9893666648372756;0.9987834549878345;0.9799498746867169
11;0;MeanRows;False;NZW;1.0;1.0;1.0
11;0;MaxColumns;False;NZW;1.0;1.0;1.0
11;0;MaxRows;False;NZW;1.0;1.0;1.0
11;1;From;False;NZW;0.9996958637469586;0.9993917274939172;1.0
11;1;To;False;NZW;1.0;1.0;1.0
11;1;MeanColumns;False;NZW;1.0;1.0;1.0
11;1;MeanRows;False;NZW;1.0;1.0;1.0
11;1;MaxColumns;False;NZW;1.0;1.0;1.0
11;1;MaxRows;False;NZW;1.0;1.0;1.0
11;2;From;False;NZW;0.9996958637469586;0.9993917274939172;1.0
11;2;To;False;NZW;1.0;1.0;1.0
11;2;MeanColumns;False;NZW;1.0;1.0;1.0
11;2;MeanRows;False;NZW;1.0;1.0;1.0
11;2;MaxColumns;False;NZW;1.0;1.0;1.0
11;2;MaxRows;False;NZW;1.0;1.0;1.0
11;3;From;False;NZW;0.9996958637469586;0.9993917274939172;1.0
11;3;To;False;NZW;1.0;1.0;1.0
11;3;MeanColumns;False;NZW;1.0;1.0;1.0
11;3;MeanRows;False;NZW;1.0;1.0;1.0
11;3;MaxColumns;False;NZW;1.0;1.0;1.0
11;3;MaxRows;False;NZW;1.0;1.0;1.0
11;4;From;False;NZW;1.0;1.0;1.0
11;4;To;False;NZW;1.0;1.0;1.0
11;4;MeanColumns;False;NZW;1.0;1.0;1.0
11;4;MeanRows;False;NZW;1.0;1.0;1.0
11;4;MaxColumns;False;NZW;1.0;1.0;1.0
11;4;MaxRows;False;NZW;1.0;1.0;1.0
11;5;From;False;NZW;0.9994677615571776;0.9989355231143552;1.0
11;5;To;False;NZW;1.0;1.0;1.0
11;5;MeanColumns;False;NZW;1.0;1.0;1.0
11;5;MeanRows;False;NZW;1.0;1.0;1.0
11;5;MaxColumns;False;NZW;1.0;1.0;1.0
11;5;MaxRows;False;NZW;1.0;1.0;1.0
11;6;From;False;NZW;0.9993917274939172;0.9987834549878345;1.0
11;6;To;False;NZW;1.0;1.0;1.0
11;6;MeanColumns;False;NZW;1.0;1.0;1.0
11;6;MeanRows;False;NZW;1.0;1.0;1.0
11;6;MaxColumns;False;NZW;1.0;1.0;1.0
11;6;MaxRows;False;NZW;1.0;1.0;1.0
11;7;From;False;NZW;0.9857266593789311;0.9714533187578621;1.0
11;7;To;False;NZW;1.0;1.0;1.0
11;7;MeanColumns;False;NZW;0.9963357509793781;0.9926715019587562;1.0
11;7;MeanRows;False;NZW;1.0;1.0;1.0
11;7;MaxColumns;False;NZW;1.0;1.0;1.0
11;7;MaxRows;False;NZW;1.0;1.0;1.0
11;8;From;False;NZW;1.0;1.0;1.0
11;8;To;False;NZW;1.0;1.0;1.0
11;8;MeanColumns;False;NZW;1.0;1.0;1.0
11;8;MeanRows;False;NZW;1.0;1.0;1.0
11;8;MaxColumns;False;NZW;1.0;1.0;1.0
11;8;MaxRows;False;NZW;1.0;1.0;1.0
11;9;From;False;NZW;1.0;1.0;1.0
11;9;To;False;NZW;1.0;1.0;1.0
11;9;MeanColumns;False;NZW;1.0;1.0;1.0
11;9;MeanRows;False;NZW;1.0;1.0;1.0
11;9;MaxColumns;False;NZW;1.0;1.0;1.0
11;9;MaxRows;False;NZW;1.0;1.0;1.0
11;10;From;False;NZW;1.0;1.0;1.0
11;10;To;False;NZW;1.0;1.0;1.0
11;10;MeanColumns;False;NZW;1.0;1.0;1.0
11;10;MeanRows;False;NZW;1.0;1.0;1.0
11;10;MaxColumns;False;NZW;1.0;1.0;1.0
11;10;MaxRows;False;NZW;1.0;1.0;1.0
11;11;From;False;NZW;0.9996198296836982;0.9992396593673966;1.0
11;11;To;False;NZW;1.0;1.0;1.0
11;11;MeanColumns;False;NZW;1.0;1.0;1.0
11;11;MeanRows;False;NZW;1.0;1.0;1.0
11;11;MaxColumns;False;NZW;1.0;1.0;1.0
11;11;MaxRows;False;NZW;1.0;1.0;1.0
Mean;;;True;NZW;0.9993133286273828;0.9986266572547655;1.0
Multi;;;True;NZW;0.9821144857476403;0.9878826795900305;0.97634629190525
Sum;;;True;NZW;0.9993133286273828;0.9986266572547655;1.0