Mean;Mean;From;False;NZW;0.971576692162593;0.9682759789895666;0.9748774053356193
Mean;Mean;To;False;NZW;1.0;1.0;1.0
Mean;Mean;MeanColumns;False;NZW;0.9896849692173297;0.9924133310293698;0.9869566074052896
Mean;Mean;MeanRows;False;NZW;1.0;1.0;1.0
Mean;Mean;MaxColumns;False;NZW;1.0;1.0;1.0
Mean;Mean;MaxRows;False;NZW;1.0;1.0;1.0
Mean;Sum;From;False;NZW;0.971576692162593;0.9682759789895666;0.9748774053356193
Mean;Sum;To;False;NZW;1.0;1.0;1.0
Mean;Sum;MeanColumns;False;NZW;0.9896849692173297;0.9924133310293698;0.9869566074052896
Mean;Sum;MeanRows;False;NZW;1.0;1.0;1.0
Mean;Sum;MaxColumns;False;NZW;1.0;1.0;1.0
Mean;Sum;MaxRows;False;NZW;1.0;1.0;1.0
Mean;0;From;False;NZW;0.9682452104713533;0.9719240080813963;0.9645664128613102
Mean;0;To;False;NZW;1.0;1.0;1.0
Mean;0;MeanColumns;False;NZW;0.9893670770517915;0.9918306172091432;0.9869035368944397
Mean;0;MeanRows;False;NZW;1.0;1.0;1.0
Mean;0;MaxColumns;False;NZW;0.9999846857516234;0.9999693715032467;1.0
Mean;0;MaxRows;False;NZW;1.0;1.0;1.0
Mean;1;From;False;NZW;0.9874571507329717;0.9896075457065708;0.9853067557593727
Mean;1;To;False;NZW;1.0;1.0;1.0
Mean;1;MeanColumns;False;NZW;0.9980213831550973;0.9993292839917327;0.9967134823184619
Mean;1;MeanRows;False;NZW;1.0;1.0;1.0
Mean;1;MaxColumns;False;NZW;1.0;1.0;1.0
Mean;1;MaxRows;False;NZW;1.0;1.0;1.0
Mean;2;From;False;NZW;0.9678490629647856;0.9749570532359316;0.9607410726936395
Mean;2;To;False;NZW;1.0;1.0;1.0
Mean;2;MeanColumns;False;NZW;0.9828313079362594;0.9882109635866235;0.9774516522858951
Mean;2;MeanRows;False;NZW;1.0;1.0;1.0
Mean;2;MaxColumns;False;NZW;1.0;1.0;1.0
Mean;2;MaxRows;False;NZW;1.0;1.0;1.0
Mean;3;From;False;NZW;0.9493274791823475;0.9275220860275653;0.9711328723371297
Mean;3;To;False;NZW;0.9997244255904505;0.9997013764334262;0.9997474747474748
Mean;3;MeanColumns;False;NZW;0.9837789159442862;0.9829060976701132;0.9846517342184592
Mean;3;MeanRows;False;NZW;1.0;1.0;1.0
Mean;3;MaxColumns;False;NZW;0.9999038711730651;0.9999954300338179;0.9998123123123124
Mean;3;MaxRows;False;NZW;1.0;1.0;1.0
Mean;4;From;False;NZW;0.9285287662895368;0.9136065672179928;0.9434509653610809
Mean;4;To;False;NZW;0.9999672946101517;1.0;0.9999345892203034
Mean;4;MeanColumns;False;NZW;0.9736862256517991;0.9866578734753242;0.9607145778282739
Mean;4;MeanRows;False;NZW;1.0;1.0;1.0
Mean;4;MaxColumns;False;NZW;0.9999521897112258;1.0;0.9999043794224517
Mean;4;MaxRows;False;NZW;1.0;1.0;1.0
Mean;5;From;False;NZW;0.9401856068837522;0.9363661094063566;0.9440051043611478
Mean;5;To;False;NZW;1.0;1.0;1.0
Mean;5;MeanColumns;False;NZW;0.9779265486428189;0.991199535204884;0.9646535620807538
Mean;5;MeanRows;False;NZW;1.0;1.0;1.0
Mean;5;MaxColumns;False;NZW;1.0;1.0;1.0
Mean;5;MaxRows;False;NZW;1.0;1.0;1.0
Mean;6;From;False;NZW;0.9440551547544633;0.9365287468973269;0.9515815626115999
Mean;6;To;False;NZW;1.0;1.0;1.0
Mean;6;MeanColumns;False;NZW;0.968033218132614;0.9751977513562535;0.9608686849089745
Mean;6;MeanRows;False;NZW;1.0;1.0;1.0
Mean;6;MaxColumns;False;NZW;0.999940200083522;0.9999925605201684;0.9998878396468757
Mean;6;MaxRows;False;NZW;1.0;1.0;1.0
Mean;7;From;False;NZW;0.9726685802846354;0.9592531955659583;0.9860839650033125
Mean;7;To;False;NZW;1.0;1.0;1.0
Mean;7;MeanColumns;False;NZW;0.9838524116037662;0.9761220753629546;0.9915827478445779
Mean;7;MeanRows;False;NZW;1.0;1.0;1.0
Mean;7;MaxColumns;False;NZW;1.0;1.0;1.0
Mean;7;MaxRows;False;NZW;1.0;1.0;1.0
Mean;8;From;False;NZW;0.971438579399069;0.971967855497082;0.9709093033010558
Mean;8;To;False;NZW;1.0;1.0;1.0
Mean;8;MeanColumns;False;NZW;0.9680642042583554;0.9742459459877044;0.9618824625290064
Mean;8;MeanRows;False;NZW;1.0;1.0;1.0
Mean;8;MaxColumns;False;NZW;0.9995198360931002;0.9998227516539138;0.9992169205322867
Mean;8;MaxRows;False;NZW;1.0;1.0;1.0
Mean;9;From;False;NZW;0.9584992068789551;0.9636950923308659;0.9533033214270441
Mean;9;To;False;NZW;1.0;1.0;1.0
Mean;9;MeanColumns;False;NZW;0.9826075218576499;0.9950997069826867;0.9701153367326131
Mean;9;MeanRows;False;NZW;1.0;1.0;1.0
Mean;9;MaxColumns;False;NZW;1.0;1.0;1.0
Mean;9;MaxRows;False;NZW;1.0;1.0;1.0
Mean;10;From;False;NZW;0.7884180560541689;0.6410137159278848;0.9358223961804532
Mean;10;To;False;NZW;1.0;1.0;1.0
Mean;10;MeanColumns;False;NZW;0.9291815259460945;0.9009708481767643;0.9573922037154246
Mean;10;MeanRows;False;NZW;1.0;1.0;1.0
Mean;10;MaxColumns;False;NZW;0.9994231167147007;0.9994032046890787;0.9994430287403226
Mean;10;MaxRows;False;NZW;1.0;1.0;1.0
Mean;11;From;False;NZW;0.9661251187464572;0.9380202388659807;0.9942299986269337
Mean;11;To;False;NZW;0.9998346650295618;0.9999954300338179;0.9996739000253057
Mean;11;MeanColumns;False;NZW;0.998847194848643;0.9977900102748345;0.9999043794224517
Mean;11;MeanRows;False;NZW;1.0;1.0;1.0
Mean;11;MaxColumns;False;NZW;1.0;1.0;1.0
Mean;11;MaxRows;False;NZW;1.0;1.0;1.0
Multi;Mean;From;False;NZW;1.0;1.0;1.0
Multi;Mean;To;False;NZW;1.0;1.0;1.0
Multi;Mean;MeanColumns;False;NZW;1.0;1.0;1.0
Multi;Mean;MeanRows;False;NZW;1.0;1.0;1.0
Multi;Mean;MaxColumns;False;NZW;1.0;1.0;1.0
Multi;Mean;MaxRows;False;NZW;1.0;1.0;1.0
Multi;Sum;From;False;NZW;1.0;1.0;1.0
Multi;Sum;To;False;NZW;1.0;1.0;1.0
Multi;Sum;MeanColumns;False;NZW;1.0;1.0;1.0
Multi;Sum;MeanRows;False;NZW;1.0;1.0;1.0
Multi;Sum;MaxColumns;False;NZW;1.0;1.0;1.0
Multi;Sum;MaxRows;False;NZW;1.0;1.0;1.0
Multi;0;From;False;NZW;1.0;1.0;1.0
Multi;0;To;False;NZW;1.0;1.0;1.0
Multi;0;MeanColumns;False;NZW;1.0;1.0;1.0
Multi;0;MeanRows;False;NZW;1.0;1.0;1.0
Multi;0;MaxColumns;False;NZW;1.0;1.0;1.0
Multi;0;MaxRows;False;NZW;1.0;1.0;1.0
Multi;1;From;False;NZW;0.9386995624424057;0.9831294453514062;0.8942696795334051
Multi;1;To;False;NZW;1.0;1.0;1.0
Multi;1;MeanColumns;False;NZW;0.9386864757210654;0.9831032719087258;0.8942696795334051
Multi;1;MeanRows;False;NZW;1.0;1.0;1.0
Multi;1;MaxColumns;False;NZW;0.9386829716262806;0.9830962637191559;0.8942696795334051
Multi;1;MaxRows;False;NZW;1.0;1.0;1.0
Multi;2;From;False;NZW;1.0;1.0;1.0
Multi;2;To;False;NZW;1.0;1.0;1.0
Multi;2;MeanColumns;False;NZW;1.0;1.0;1.0
Multi;2;MeanRows;False;NZW;1.0;1.0;1.0
Multi;2;MaxColumns;False;NZW;1.0;1.0;1.0
Multi;2;MaxRows;False;NZW;1.0;1.0;1.0
Multi;3;From;False;NZW;0.9911192985506665;0.988999489074513;0.99323910802682
Multi;3;To;False;NZW;1.0;1.0;1.0
Multi;3;MeanColumns;False;NZW;0.9911192985506665;0.988999489074513;0.99323910802682
Multi;3;MeanRows;False;NZW;1.0;1.0;1.0
Multi;3;MaxColumns;False;NZW;0.9911192985506665;0.988999489074513;0.99323910802682
Multi;3;MaxRows;False;NZW;1.0;1.0;1.0
Multi;4;From;False;NZW;0.9936783214927674;0.9916551836562263;0.9957014593293083
Multi;4;To;False;NZW;1.0;1.0;1.0
Multi;4;MeanColumns;False;NZW;0.9936783214927674;0.9916551836562263;0.9957014593293083
Multi;4;MeanRows;False;NZW;1.0;1.0;1.0
Multi;4;MaxColumns;False;NZW;0.9936783214927674;0.9916551836562263;0.9957014593293083
Multi;4;MaxRows;False;NZW;1.0;1.0;1.0
Multi;5;From;False;NZW;1.0;1.0;1.0
Multi;5;To;False;NZW;1.0;1.0;1.0
Multi;5;MeanColumns;False;NZW;1.0;1.0;1.0
Multi;5;MeanRows;False;NZW;1.0;1.0;1.0
Multi;5;MaxColumns;False;NZW;1.0;1.0;1.0
Multi;5;MaxRows;False;NZW;1.0;1.0;1.0
Multi;6;From;False;NZW;1.0;1.0;1.0
Multi;6;To;False;NZW;1.0;1.0;1.0
Multi;6;MeanColumns;False;NZW;1.0;1.0;1.0
Multi;6;MeanRows;False;NZW;1.0;1.0;1.0
Multi;6;MaxColumns;False;NZW;1.0;1.0;1.0
Multi;6;MaxRows;False;NZW;1.0;1.0;1.0
Multi;7;From;False;NZW;1.0;1.0;1.0
Multi;7;To;False;NZW;1.0;1.0;1.0
Multi;7;MeanColumns;False;NZW;1.0;1.0;1.0
Multi;7;MeanRows;False;NZW;1.0;1.0;1.0
Multi;7;MaxColumns;False;NZW;1.0;1.0;1.0
Multi;7;MaxRows;False;NZW;1.0;1.0;1.0
Multi;8;From;False;NZW;0.9999977150169089;0.9999954300338179;1.0
Multi;8;To;False;NZW;1.0;1.0;1.0
Multi;8;MeanColumns;False;NZW;0.9999977150169089;0.9999954300338179;1.0
Multi;8;MeanRows;False;NZW;1.0;1.0;1.0
Multi;8;MaxColumns;False;NZW;0.9999977150169089;0.9999954300338179;1.0
Multi;8;MaxRows;False;NZW;1.0;1.0;1.0
Multi;9;From;False;NZW;1.0;1.0;1.0
Multi;9;To;False;NZW;1.0;1.0;1.0
Multi;9;MeanColumns;False;NZW;1.0;1.0;1.0
Multi;9;MeanRows;False;NZW;1.0;1.0;1.0
Multi;9;MaxColumns;False;NZW;1.0;1.0;1.0
Multi;9;MaxRows;False;NZW;1.0;1.0;1.0
Multi;10;From;False;NZW;1.0;1.0;1.0
Multi;10;To;False;NZW;1.0;1.0;1.0
Multi;10;MeanColumns;False;NZW;1.0;1.0;1.0
Multi;10;MeanRows;False;NZW;1.0;1.0;1.0
Multi;10;MaxColumns;False;NZW;1.0;1.0;1.0
Multi;10;MaxRows;False;NZW;1.0;1.0;1.0
Multi;11;From;False;NZW;1.0;1.0;1.0
Multi;11;To;False;NZW;1.0;1.0;1.0
Multi;11;MeanColumns;False;NZW;1.0;1.0;1.0
Multi;11;MeanRows;False;NZW;1.0;1.0;1.0
Multi;11;MaxColumns;False;NZW;1.0;1.0;1.0
Multi;11;MaxRows;False;NZW;1.0;1.0;1.0
Sum;Mean;From;False;NZW;0.971576692162593;0.9682759789895666;0.9748774053356193
Sum;Mean;To;False;NZW;1.0;1.0;1.0
Sum;Mean;MeanColumns;False;NZW;0.9896849692173297;0.9924133310293698;0.9869566074052896
Sum;Mean;MeanRows;False;NZW;1.0;1.0;1.0
Sum;Mean;MaxColumns;False;NZW;1.0;1.0;1.0
Sum;Mean;MaxRows;False;NZW;1.0;1.0;1.0
Sum;Sum;From;False;NZW;0.971576692162593;0.9682759789895666;0.9748774053356193
Sum;Sum;To;False;NZW;1.0;1.0;1.0
Sum;Sum;MeanColumns;False;NZW;0.9896849692173297;0.9924133310293698;0.9869566074052896
Sum;Sum;MeanRows;False;NZW;1.0;1.0;1.0
Sum;Sum;MaxColumns;False;NZW;1.0;1.0;1.0
Sum;Sum;MaxRows;False;NZW;1.0;1.0;1.0
Sum;0;From;False;NZW;0.9682452104713533;0.9719240080813963;0.9645664128613102
Sum;0;To;False;NZW;1.0;1.0;1.0
Sum;0;MeanColumns;False;NZW;0.9893670770517915;0.9918306172091432;0.9869035368944397
Sum;0;MeanRows;False;NZW;1.0;1.0;1.0
Sum;0;MaxColumns;False;NZW;0.9999846857516234;0.9999693715032467;1.0
Sum;0;MaxRows;False;NZW;1.0;1.0;1.0
Sum;1;From;False;NZW;0.9874571507329717;0.9896075457065708;0.9853067557593727
Sum;1;To;False;NZW;1.0;1.0;1.0
Sum;1;MeanColumns;False;NZW;0.9980213831550973;0.9993292839917327;0.9967134823184619
Sum;1;MeanRows;False;NZW;1.0;1.0;1.0
Sum;1;MaxColumns;False;NZW;1.0;1.0;1.0
Sum;1;MaxRows;False;NZW;1.0;1.0;1.0
Sum;2;From;False;NZW;0.9678490629647856;0.9749570532359316;0.9607410726936395
Sum;2;To;False;NZW;1.0;1.0;1.0
Sum;2;MeanColumns;False;NZW;0.9828313079362594;0.9882109635866235;0.9774516522858951
Sum;2;MeanRows;False;NZW;1.0;1.0;1.0
Sum;2;MaxColumns;False;NZW;1.0;1.0;1.0
Sum;2;MaxRows;False;NZW;1.0;1.0;1.0
Sum;3;From;False;NZW;0.9493274791823475;0.9275220860275653;0.9711328723371297
Sum;3;To;False;NZW;0.9997244255904505;0.9997013764334262;0.9997474747474748
Sum;3;MeanColumns;False;NZW;0.9837789159442862;0.9829060976701132;0.9846517342184592
Sum;3;MeanRows;False;NZW;1.0;1.0;1.0
Sum;3;MaxColumns;False;NZW;0.9999038711730651;0.9999954300338179;0.9998123123123124
Sum;3;MaxRows;False;NZW;1.0;1.0;1.0
Sum;4;From;False;NZW;0.9285287662895368;0.9136065672179928;0.9434509653610809
Sum;4;To;False;NZW;0.9999672946101517;1.0;0.9999345892203034
Sum;4;MeanColumns;False;NZW;0.9736862256517991;0.9866578734753242;0.9607145778282739
Sum;4;MeanRows;False;NZW;1.0;1.0;1.0
Sum;4;MaxColumns;False;NZW;0.9999521897112258;1.0;0.9999043794224517
Sum;4;MaxRows;False;NZW;1.0;1.0;1.0
Sum;5;From;False;NZW;0.9401856068837522;0.9363661094063566;0.9440051043611478
Sum;5;To;False;NZW;1.0;1.0;1.0
Sum;5;MeanColumns;False;NZW;0.9779265486428189;0.991199535204884;0.9646535620807538
Sum;5;MeanRows;False;NZW;1.0;1.0;1.0
Sum;5;MaxColumns;False;NZW;1.0;1.0;1.0
Sum;5;MaxRows;False;NZW;1.0;1.0;1.0
Sum;6;From;False;NZW;0.9440551547544633;0.9365287468973269;0.9515815626115999
Sum;6;To;False;NZW;1.0;1.0;1.0
Sum;6;MeanColumns;False;NZW;0.968033218132614;0.9751977513562535;0.9608686849089745
Sum;6;MeanRows;False;NZW;1.0;1.0;1.0
Sum;6;MaxColumns;False;NZW;0.999940200083522;0.9999925605201684;0.9998878396468757
Sum;6;MaxRows;False;NZW;1.0;1.0;1.0
Sum;7;From;False;NZW;0.9726685802846354;0.9592531955659583;0.9860839650033125
Sum;7;To;False;NZW;1.0;1.0;1.0
Sum;7;MeanColumns;False;NZW;0.9838524116037662;0.9761220753629546;0.9915827478445779
Sum;7;MeanRows;False;NZW;1.0;1.0;1.0
Sum;7;MaxColumns;False;NZW;1.0;1.0;1.0
Sum;7;MaxRows;False;NZW;1.0;1.0;1.0
Sum;8;From;False;NZW;0.971438579399069;0.971967855497082;0.9709093033010558
Sum;8;To;False;NZW;1.0;1.0;1.0
Sum;8;MeanColumns;False;NZW;0.9680642042583554;0.9742459459877044;0.9618824625290064
Sum;8;MeanRows;False;NZW;1.0;1.0;1.0
Sum;8;MaxColumns;False;NZW;0.9995198360931002;0.9998227516539138;0.9992169205322867
Sum;8;MaxRows;False;NZW;1.0;1.0;1.0
Sum;9;From;False;NZW;0.9584992068789551;0.9636950923308659;0.9533033214270441
Sum;9;To;False;NZW;1.0;1.0;1.0
Sum;9;MeanColumns;False;NZW;0.9826075218576499;0.9950997069826867;0.9701153367326131
Sum;9;MeanRows;False;NZW;1.0;1.0;1.0
Sum;9;MaxColumns;False;NZW;1.0;1.0;1.0
Sum;9;MaxRows;False;NZW;1.0;1.0;1.0
Sum;10;From;False;NZW;0.7884180560541689;0.6410137159278848;0.9358223961804532
Sum;10;To;False;NZW;1.0;1.0;1.0
Sum;10;MeanColumns;False;NZW;0.9291815259460945;0.9009708481767643;0.9573922037154246
Sum;10;MeanRows;False;NZW;1.0;1.0;1.0
Sum;10;MaxColumns;False;NZW;0.9994231167147007;0.9994032046890787;0.9994430287403226
Sum;10;MaxRows;False;NZW;1.0;1.0;1.0
Sum;11;From;False;NZW;0.9661251187464572;0.9380202388659807;0.9942299986269337
Sum;11;To;False;NZW;0.9998346650295618;0.9999954300338179;0.9996739000253057
Sum;11;MeanColumns;False;NZW;0.998847194848643;0.9977900102748345;0.9999043794224517
Sum;11;MeanRows;False;NZW;1.0;1.0;1.0
Sum;11;MaxColumns;False;NZW;1.0;1.0;1.0
Sum;11;MaxRows;False;NZW;1.0;1.0;1.0
0;Mean;From;False;NZW;1.0;1.0;1.0
0;Mean;To;False;NZW;1.0;1.0;1.0
0;Mean;MeanColumns;False;NZW;1.0;1.0;1.0
0;Mean;MeanRows;False;NZW;1.0;1.0;1.0
0;Mean;MaxColumns;False;NZW;1.0;1.0;1.0
0;Mean;MaxRows;False;NZW;1.0;1.0;1.0
0;Sum;From;False;NZW;1.0;1.0;1.0
0;Sum;To;False;NZW;1.0;1.0;1.0
0;Sum;MeanColumns;False;NZW;1.0;1.0;1.0
0;Sum;MeanRows;False;NZW;1.0;1.0;1.0
0;Sum;MaxColumns;False;NZW;1.0;1.0;1.0
0;Sum;MaxRows;False;NZW;1.0;1.0;1.0
0;0;From;False;NZW;0.999920793891348;0.9999703828463326;0.9998712049363635
0;0;To;False;NZW;0.9748588098187193;0.9903007319674355;0.9594168876700031
0;0;MeanColumns;False;NZW;0.999776724304211;0.9999543003381776;0.9995991482702445
0;0;MeanRows;False;NZW;1.0;1.0;1.0
0;0;MaxColumns;False;NZW;1.0;1.0;1.0
0;0;MaxRows;False;NZW;1.0;1.0;1.0
0;1;From;False;NZW;1.0;1.0;1.0
0;1;To;False;NZW;0.7605686701783905;0.8065200133731898;0.7146173269835912
0;1;MeanColumns;False;NZW;1.0;1.0;1.0
0;1;MeanRows;False;NZW;1.0;1.0;1.0
0;1;MaxColumns;False;NZW;0.99950850674819;0.9999131706425372;0.9991038428538429
0;1;MaxRows;False;NZW;1.0;1.0;1.0
0;2;From;False;NZW;0.9999964586977923;0.9999929173955847;1.0
0;2;To;False;NZW;0.923818142013199;0.959738087998111;0.8878981960282869
0;2;MeanColumns;False;NZW;1.0;1.0;1.0
0;2;MeanRows;False;NZW;1.0;1.0;1.0
0;2;MaxColumns;False;NZW;0.9999511271380952;0.9999954300338179;0.9999068242423725
0;2;MaxRows;False;NZW;1.0;1.0;1.0
0;3;From;False;NZW;1.0;1.0;1.0
0;3;To;False;NZW;0.45384781827865667;0.5122556995810293;0.395439936976284
0;3;MeanColumns;False;NZW;0.9998545124504816;0.9999771501690886;0.9997318747318747
0;3;MeanRows;False;NZW;1.0;1.0;1.0
0;3;MaxColumns;False;NZW;0.999352451918819;0.9998782927228914;0.9988266111147468
0;3;MaxRows;False;NZW;1.0;1.0;1.0
0;4;From;False;NZW;0.6081597077681963;0.6047938243050132;0.6115255912313794
0;4;To;False;NZW;0.8566530050024035;0.8726054949890764;0.8407005150157305
0;4;MeanColumns;False;NZW;1.0;1.0;1.0
0;4;MeanRows;False;NZW;1.0;1.0;1.0
0;4;MaxColumns;False;NZW;0.999641716080239;0.9999100668596933;0.9993733653007847
0;4;MaxRows;False;NZW;1.0;1.0;1.0
0;5;From;False;NZW;0.9759455716447272;0.9867119428443031;0.9651792004451513
0;5;To;False;NZW;0.46015939303690073;0.4645973004519581;0.4557214856218434
0;5;MeanColumns;False;NZW;1.0;1.0;1.0
0;5;MeanRows;False;NZW;1.0;1.0;1.0
0;5;MaxColumns;False;NZW;0.9999977150169089;0.9999954300338179;1.0
0;5;MaxRows;False;NZW;1.0;1.0;1.0
0;6;From;False;NZW;0.7711247084436916;0.827139794915385;0.7151096219719983
0;6;To;False;NZW;0.974823624422696;0.975472516498216;0.974174732347176
0;6;MeanColumns;False;NZW;1.0;1.0;1.0
0;6;MeanRows;False;NZW;1.0;1.0;1.0
0;6;MaxColumns;False;NZW;0.9996384885913306;0.9999064034765395;0.9993705737061218
0;6;MaxRows;False;NZW;1.0;1.0;1.0
0;7;From;False;NZW;1.0;1.0;1.0
0;7;To;False;NZW;1.0;1.0;1.0
0;7;MeanColumns;False;NZW;1.0;1.0;1.0
0;7;MeanRows;False;NZW;1.0;1.0;1.0
0;7;MaxColumns;False;NZW;0.9999927019551462;0.9999854039102923;1.0
0;7;MaxRows;False;NZW;1.0;1.0;1.0
0;8;From;False;NZW;0.6236806093803735;0.6793795211515725;0.5679816976091745
0;8;To;False;NZW;0.8370720953082298;0.8478512112463985;0.826292979370061
0;8;MeanColumns;False;NZW;1.0;1.0;1.0
0;8;MeanRows;False;NZW;1.0;1.0;1.0
0;8;MaxColumns;False;NZW;0.9999006282276826;0.9998408071593676;0.9999604492959975
0;8;MaxRows;False;NZW;1.0;1.0;1.0
0;9;From;False;NZW;1.0;1.0;1.0
0;9;To;False;NZW;0.9826210559143629;0.9896617903246726;0.9755803215040532
0;9;MeanColumns;False;NZW;1.0;1.0;1.0
0;9;MeanRows;False;NZW;1.0;1.0;1.0
0;9;MaxColumns;False;NZW;1.0;1.0;1.0
0;9;MaxRows;False;NZW;1.0;1.0;1.0
0;10;From;False;NZW;1.0;1.0;1.0
0;10;To;False;NZW;0.9899041965944808;0.994027428461708;0.9857809647272536
0;10;MeanColumns;False;NZW;1.0;1.0;1.0
0;10;MeanRows;False;NZW;1.0;1.0;1.0
0;10;MaxColumns;False;NZW;0.9997525787979138;0.999987783078453;0.9995173745173744
0;10;MaxRows;False;NZW;1.0;1.0;1.0
0;11;From;False;NZW;0.5119089548810741;0.49357621714162364;0.5302416926205247
0;11;To;False;NZW;0.9872460243712824;0.9899444021423884;0.9845476466001764
0;11;MeanColumns;False;NZW;1.0;1.0;1.0
0;11;MeanRows;False;NZW;1.0;1.0;1.0
0;11;MaxColumns;False;NZW;0.9999930457036357;0.9999860914072713;1.0
0;11;MaxRows;False;NZW;1.0;1.0;1.0
1;Mean;From;False;NZW;1.0;1.0;1.0
1;Mean;To;False;NZW;1.0;1.0;1.0
1;Mean;MeanColumns;False;NZW;1.0;1.0;1.0
1;Mean;MeanRows;False;NZW;1.0;1.0;1.0
1;Mean;MaxColumns;False;NZW;1.0;1.0;1.0
1;Mean;MaxRows;False;NZW;1.0;1.0;1.0
1;Sum;From;False;NZW;1.0;1.0;1.0
1;Sum;To;False;NZW;1.0;1.0;1.0
1;Sum;MeanColumns;False;NZW;1.0;1.0;1.0
1;Sum;MeanRows;False;NZW;1.0;1.0;1.0
1;Sum;MaxColumns;False;NZW;1.0;1.0;1.0
1;Sum;MaxRows;False;NZW;1.0;1.0;1.0
1;0;From;False;NZW;0.9884703056728362;0.9950701743408384;0.981870437004834
1;0;To;False;NZW;0.9867670431595816;0.9931145077967651;0.9804195785223981
1;0;MeanColumns;False;NZW;0.9848416059276538;0.9916285072706343;0.9780547045846733
1;0;MeanRows;False;NZW;1.0;1.0;1.0
1;0;MaxColumns;False;NZW;0.9783686475806206;0.9859413685853532;0.9707959265758879
1;0;MaxRows;False;NZW;1.0;1.0;1.0
1;1;From;False;NZW;0.9999977150169089;0.9999954300338179;1.0
1;1;To;False;NZW;0.6802115697564202;0.7438611906714314;0.616561948841409
1;1;MeanColumns;False;NZW;0.9875074761595282;0.9930786084800479;0.9819363438390083
1;1;MeanRows;False;NZW;1.0;1.0;1.0
1;1;MaxColumns;False;NZW;0.9902114701321366;0.9946328634004192;0.985790076863854
1;1;MaxRows;False;NZW;1.0;1.0;1.0
1;2;From;False;NZW;0.9991649904110638;0.9998146952422231;0.9985152855799045
1;2;To;False;NZW;0.752843039629942;0.7754307046417922;0.7302553746180919
1;2;MeanColumns;False;NZW;0.9099411566325519;0.9380349185386528;0.8818473947264509
1;2;MeanRows;False;NZW;1.0;1.0;1.0
1;2;MaxColumns;False;NZW;0.960056903768396;0.9696665077164117;0.9504472998203803
1;2;MaxRows;False;NZW;1.0;1.0;1.0
1;3;From;False;NZW;1.0;1.0;1.0
1;3;To;False;NZW;0.7589407598938143;0.7702623582242691;0.7476191615633595
1;3;MeanColumns;False;NZW;0.9897999595820364;0.9948109900601454;0.9847889291039273
1;3;MeanRows;False;NZW;1.0;1.0;1.0
1;3;MaxColumns;False;NZW;0.9897261447240715;0.9939144790989339;0.9855378103492092
1;3;MaxRows;False;NZW;1.0;1.0;1.0
1;4;From;False;NZW;0.9465015010474758;0.9808307310008578;0.9121722710940938
1;4;To;False;NZW;0.30795066925141246;0.3356056439896816;0.2802956945131433
1;4;MeanColumns;False;NZW;0.9901284720730813;0.9938560575584061;0.9864008865877565
1;4;MeanRows;False;NZW;1.0;1.0;1.0
1;4;MaxColumns;False;NZW;0.9943397925651438;0.9952343536609295;0.993445231469358
1;4;MaxRows;False;NZW;1.0;1.0;1.0
1;5;From;False;NZW;0.8080890554734294;0.9208694756533687;0.69530863529349
1;5;To;False;NZW;0.9059536646934121;0.8991107551489803;0.9127965742378438
1;5;MeanColumns;False;NZW;0.9999214024405964;0.9999954300338179;0.9998473748473748
1;5;MeanRows;False;NZW;1.0;1.0;1.0
1;5;MaxColumns;False;NZW;0.9954090269041715;0.9980628929304002;0.992755160877943
1;5;MaxRows;False;NZW;1.0;1.0;1.0
1;6;From;False;NZW;1.0;1.0;1.0
1;6;To;False;NZW;0.9998795161445226;0.9999142581047405;0.9998447741843046
1;6;MeanColumns;False;NZW;1.0;1.0;1.0
1;6;MeanRows;False;NZW;1.0;1.0;1.0
1;6;MaxColumns;False;NZW;0.9999021544607657;0.999898047204246;0.9999062617172854
1;6;MaxRows;False;NZW;1.0;1.0;1.0
1;7;From;False;NZW;0.9996659041006128;0.9998122656206595;0.9995195425805663
1;7;To;False;NZW;0.6673145791426689;0.7499742651596963;0.5846548931256413
1;7;MeanColumns;False;NZW;0.9568228872537012;0.9779716540839983;0.935674120423404
1;7;MeanRows;False;NZW;1.0;1.0;1.0
1;7;MaxColumns;False;NZW;0.9858694799913985;0.9919809308665919;0.9797580291162051
1;7;MaxRows;False;NZW;1.0;1.0;1.0
1;8;From;False;NZW;1.0;1.0;1.0
1;8;To;False;NZW;0.9999248048688347;1.0;0.9998496097376695
1;8;MeanColumns;False;NZW;1.0;1.0;1.0
1;8;MeanRows;False;NZW;1.0;1.0;1.0
1;8;MaxColumns;False;NZW;0.9988698320436845;0.9999576724865022;0.9977819916008668
1;8;MaxRows;False;NZW;1.0;1.0;1.0
1;9;From;False;NZW;1.0;1.0;1.0
1;9;To;False;NZW;0.9633189629466745;0.9773850074694057;0.9492529184239432
1;9;MeanColumns;False;NZW;0.9889759648918082;0.9914179209363292;0.9865340088472871
1;9;MeanRows;False;NZW;1.0;1.0;1.0
1;9;MaxColumns;False;NZW;0.9874872178751884;0.9900549527664648;0.9849194829839121
1;9;MaxRows;False;NZW;1.0;1.0;1.0
1;10;From;False;NZW;0.965182915775214;0.9853707090817225;0.9449951224687054
1;10;To;False;NZW;0.9986506658451642;0.9980785475455998;0.9992227841447284
1;10;MeanColumns;False;NZW;0.9994876296775975;0.999335493966054;0.999639765389141
1;10;MeanRows;False;NZW;1.0;1.0;1.0
1;10;MaxColumns;False;NZW;0.9579129706640623;0.9637903813253964;0.9520355600027283
1;10;MaxRows;False;NZW;1.0;1.0;1.0
1;11;From;False;NZW;0.9253855657335224;0.9621661623655429;0.8886049691015019
1;11;To;False;NZW;0.16916144217650686;0.22931209118945245;0.1090107931635613
1;11;MeanColumns;False;NZW;0.9918127543272752;0.994961400371663;0.9886641082828873
1;11;MeanRows;False;NZW;1.0;1.0;1.0
1;11;MaxColumns;False;NZW;0.9938578996810575;0.9958629199069188;0.9918528794551963
1;11;MaxRows;False;NZW;1.0;1.0;1.0
2;Mean;From;False;NZW;0.9997092619693824;0.9994185239387646;1.0
2;Mean;To;False;NZW;1.0;1.0;1.0
2;Mean;MeanColumns;False;NZW;0.9987509964421404;0.9988958223454819;0.998606170538799
2;Mean;MeanRows;False;NZW;1.0;1.0;1.0
2;Mean;MaxColumns;False;NZW;1.0;1.0;1.0
2;Mean;MaxRows;False;NZW;1.0;1.0;1.0
2;Sum;From;False;NZW;0.9997092619693824;0.9994185239387646;1.0
2;Sum;To;False;NZW;1.0;1.0;1.0
2;Sum;MeanColumns;False;NZW;0.9987509964421404;0.9988958223454819;0.998606170538799
2;Sum;MeanRows;False;NZW;1.0;1.0;1.0
2;Sum;MaxColumns;False;NZW;1.0;1.0;1.0
2;Sum;MaxRows;False;NZW;1.0;1.0;1.0
2;0;From;False;NZW;0.9997453110706047;0.9994906221412093;1.0
2;0;To;False;NZW;0.9981581064206302;0.9965138987532322;0.9998023140880283
2;0;MeanColumns;False;NZW;0.943430790662151;0.9337687457331487;0.9530928355911532
2;0;MeanRows;False;NZW;1.0;1.0;1.0
2;0;MaxColumns;False;NZW;0.9267660608799162;0.9224979195252937;0.9310342022345386
2;0;MaxRows;False;NZW;1.0;1.0;1.0
2;1;From;False;NZW;0.99108114403148;0.9836092971298916;0.9985529909330682
2;1;To;False;NZW;0.5905662115439299;0.6383768553012473;0.5427555677866123
2;1;MeanColumns;False;NZW;0.9778132206817591;0.9747586561241699;0.9808677852393485
2;1;MeanRows;False;NZW;1.0;1.0;1.0
2;1;MaxColumns;False;NZW;0.9866052170606272;0.9891271439030521;0.9840832902182022
2;1;MaxRows;False;NZW;1.0;1.0;1.0
2;2;From;False;NZW;1.0;1.0;1.0
2;2;To;False;NZW;0.8525652433295021;0.9159079005034538;0.7892225861555504
2;2;MeanColumns;False;NZW;0.999522342550807;0.9994669035547797;0.9995777815468342
2;2;MeanRows;False;NZW;1.0;1.0;1.0
2;2;MaxColumns;False;NZW;0.9986043159997711;0.9990447256213445;0.9981639063781975
2;2;MaxRows;False;NZW;1.0;1.0;1.0
2;3;From;False;NZW;0.45253654778232155;0.4952898380225688;0.40978325754207423
2;3;To;False;NZW;0.02222848031516919;0.02916421007951543;0.015292750550822956
2;3;MeanColumns;False;NZW;0.9631608849638631;0.9788565695699368;0.9474652003577895
2;3;MeanRows;False;NZW;1.0;1.0;1.0
2;3;MaxColumns;False;NZW;0.9749321438688763;0.9862259789938059;0.9636383087439467
2;3;MaxRows;False;NZW;1.0;1.0;1.0
2;4;From;False;NZW;0.8665809403097215;0.8576195786331964;0.8755423019862466
2;4;To;False;NZW;0.7372535552907122;0.8091562045232961;0.6653509060581283
2;4;MeanColumns;False;NZW;0.9461688503124897;0.9327849682862657;0.9595527323387136
2;4;MeanRows;False;NZW;1.0;1.0;1.0
2;4;MaxColumns;False;NZW;0.9905737020885281;0.9903268861089175;0.9908205180681388
2;4;MaxRows;False;NZW;1.0;1.0;1.0
2;5;From;False;NZW;0.9984357825436055;0.9988955231497335;0.9979760419374776
2;5;To;False;NZW;0.9104794239157801;0.946693849128825;0.8742649987027352
2;5;MeanColumns;False;NZW;0.992225899696338;0.9929147337030441;0.9915370656896321
2;5;MeanRows;False;NZW;1.0;1.0;1.0
2;5;MaxColumns;False;NZW;0.992965381720341;0.993762378954731;0.9921683844859511
2;5;MaxRows;False;NZW;1.0;1.0;1.0
2;6;From;False;NZW;0.9857256473675737;0.9811769525047324;0.9902743422304151
2;6;To;False;NZW;0.9935736627461986;0.9947150461803512;0.9924322793120461
2;6;MeanColumns;False;NZW;0.9901194964851544;0.9914617130857121;0.9887772798845967
2;6;MeanRows;False;NZW;1.0;1.0;1.0
2;6;MaxColumns;False;NZW;0.998970754131423;0.9994692951041664;0.9984722131586795
2;6;MaxRows;False;NZW;1.0;1.0;1.0
2;7;From;False;NZW;0.8691141381220342;0.8950036342617768;0.8432246419822915
2;7;To;False;NZW;0.9996961179432845;0.9995488774905791;0.9998433583959899
2;7;MeanColumns;False;NZW;0.8941295834405381;0.8484351871959551;0.9398239796851209
2;7;MeanRows;False;NZW;1.0;1.0;1.0
2;7;MaxColumns;False;NZW;0.9209760292022692;0.921208197137989;0.9207438612665494
2;7;MaxRows;False;NZW;1.0;1.0;1.0
2;8;From;False;NZW;0.9710896628590258;0.9854627658176344;0.956716559900417
2;8;To;False;NZW;0.9987724415094736;0.9997196867992699;0.9978251962196774
2;8;MeanColumns;False;NZW;0.976072860786382;0.9580632269991749;0.9940824945735891
2;8;MeanRows;False;NZW;1.0;1.0;1.0
2;8;MaxColumns;False;NZW;0.9375461945069414;0.9686452892476404;0.9064470997662426
2;8;MaxRows;False;NZW;1.0;1.0;1.0
2;9;From;False;NZW;0.9830352438547104;0.9793266923614832;0.9867437953479377
2;9;To;False;NZW;0.9882082569653278;0.9949982248587019;0.9814182890719536
2;9;MeanColumns;False;NZW;0.9833022030188776;0.9797902538971587;0.9868141521405966
2;9;MeanRows;False;NZW;1.0;1.0;1.0
2;9;MaxColumns;False;NZW;0.9975840261255728;0.9979776321546412;0.9971904200965044
2;9;MaxRows;False;NZW;1.0;1.0;1.0
2;10;From;False;NZW;0.8662493739991293;0.8625327182802184;0.86996602971804
2;10;To;False;NZW;0.9324889190848356;0.9407508013206973;0.9242270368489737
2;10;MeanColumns;False;NZW;0.8962995519146719;0.8713758460854641;0.9212232577438797
2;10;MeanRows;False;NZW;1.0;1.0;1.0
2;10;MaxColumns;False;NZW;0.965804243614437;0.9615104465896511;0.9700980406392229
2;10;MaxRows;False;NZW;1.0;1.0;1.0
2;11;From;False;NZW;0.7459211336000448;0.760141830977735;0.7317004362223545
2;11;To;False;NZW;0.9923172237673752;0.9963706398916294;0.988263807643121
2;11;MeanColumns;False;NZW;0.9763352404291643;0.9738273907176862;0.9788430901406425
2;11;MeanRows;False;NZW;1.0;1.0;1.0
2;11;MaxColumns;False;NZW;0.9910886159015194;0.9943208771544173;0.9878563546486215
2;11;MaxRows;False;NZW;1.0;1.0;1.0
3;Mean;From;False;NZW;0.7986502104860075;0.8545816017793748;0.7427188191926402
3;Mean;To;False;NZW;1.0;1.0;1.0
3;Mean;MeanColumns;False;NZW;0.9552450277514115;0.9422957841780168;0.9681942713248062
3;Mean;MeanRows;False;NZW;1.0;1.0;1.0
3;Mean;MaxColumns;False;NZW;0.9991670219944369;0.9990525623512525;0.9992814816376212
3;Mean;MaxRows;False;NZW;1.0;1.0;1.0
3;Sum;From;False;NZW;0.7986502104860075;0.8545816017793748;0.7427188191926402
3;Sum;To;False;NZW;1.0;1.0;1.0
3;Sum;MeanColumns;False;NZW;0.9552450277514115;0.9422957841780168;0.9681942713248062
3;Sum;MeanRows;False;NZW;1.0;1.0;1.0
3;Sum;MaxColumns;False;NZW;0.9991670219944369;0.9990525623512525;0.9992814816376212
3;Sum;MaxRows;False;NZW;1.0;1.0;1.0
3;0;From;False;NZW;0.24366000887993755;0.3538030037781545;0.1335170139817206
3;0;To;False;NZW;0.9576358273968992;0.9797781565575234;0.935493498236275
3;0;MeanColumns;False;NZW;0.2559185288674717;0.4021574201514674;0.10967963758347599
3;0;MeanRows;False;NZW;1.0;1.0;1.0
3;0;MaxColumns;False;NZW;0.37607922754246736;0.5072688764688199;0.24488957861611477
3;0;MaxRows;False;NZW;1.0;1.0;1.0
3;1;From;False;NZW;0.9309149401136745;0.96818322286266;0.8936466573646888
3;1;To;False;NZW;0.9989438244328623;0.9999229060520981;0.9979647428136267
3;1;MeanColumns;False;NZW;0.8902062773220124;0.8634002770498916;0.9170122775941332
3;1;MeanRows;False;NZW;1.0;1.0;1.0
3;1;MaxColumns;False;NZW;0.8770451130544223;0.937256205946229;0.8168340201626155
3;1;MaxRows;False;NZW;1.0;1.0;1.0
3;2;From;False;NZW;0.2490706191749205;0.32092337199039017;0.1772178663594508
3;2;To;False;NZW;0.9980099668884901;0.9967161922776835;0.9993037414992966
3;2;MeanColumns;False;NZW;0.5128713590955715;0.6586885953554277;0.3670541228357152
3;2;MeanRows;False;NZW;1.0;1.0;1.0
3;2;MaxColumns;False;NZW;0.630349610231326;0.789091867970908;0.471607352491744
3;2;MaxRows;False;NZW;1.0;1.0;1.0
3;3;From;False;NZW;0.34432805547849066;0.4121452381172613;0.27651087283972003
3;3;To;False;NZW;0.9875621303973353;0.9992483683541945;0.9758758924404761
3;3;MeanColumns;False;NZW;0.8965402383773555;0.8440732184909693;0.9490072582637417
3;3;MeanRows;False;NZW;1.0;1.0;1.0
3;3;MaxColumns;False;NZW;0.9390370958884666;0.9583214189161577;0.9197527728607755
3;3;MaxRows;False;NZW;1.0;1.0;1.0
3;4;From;False;NZW;0.3518869466148856;0.40045846246798467;0.3033154307617866
3;4;To;False;NZW;0.9543983755042487;0.9669510254161031;0.9418457255923943
3;4;MeanColumns;False;NZW;0.7032491509586569;0.6531676645661779;0.7533306373511359
3;4;MeanRows;False;NZW;1.0;1.0;1.0
3;4;MaxColumns;False;NZW;0.8414101038437303;0.8259876192495723;0.8568325884378881
3;4;MaxRows;False;NZW;1.0;1.0;1.0
3;5;From;False;NZW;0.48393107541086855;0.5836455137499095;0.38421663707182757
3;5;To;False;NZW;0.9438114559349037;0.9722687330462316;0.9153541788235757
3;5;MeanColumns;False;NZW;0.7604895601534715;0.7924381946856472;0.7285409256212957
3;5;MeanRows;False;NZW;1.0;1.0;1.0
3;5;MaxColumns;False;NZW;0.8984331614441903;0.9048039535669741;0.8920623693214064
3;5;MaxRows;False;NZW;1.0;1.0;1.0
3;6;From;False;NZW;0.5870670913291132;0.6084920227250497;0.5656421599331768
3;6;To;False;NZW;0.9788751988712421;0.9835594965614137;0.9741909011810703
3;6;MeanColumns;False;NZW;0.7622740486210698;0.7109988145601169;0.8135492826820228
3;6;MeanRows;False;NZW;1.0;1.0;1.0
3;6;MaxColumns;False;NZW;0.7629745758452501;0.7791664442132555;0.7467827074772446
3;6;MaxRows;False;NZW;1.0;1.0;1.0
3;7;From;False;NZW;0.9526935625727024;0.9081506119952315;0.9972365131501733
3;7;To;False;NZW;0.9513478293835456;0.928461438105176;0.974234220661915
3;7;MeanColumns;False;NZW;0.9391472977367252;0.879723838065916;0.9985707574075343
3;7;MeanRows;False;NZW;1.0;1.0;1.0
3;7;MaxColumns;False;NZW;0.9952206592771788;0.9932566280164512;0.9971846905379064
3;7;MaxRows;False;NZW;1.0;1.0;1.0
3;8;From;False;NZW;0.9016700120218718;0.9626290236556282;0.8407110003881154
3;8;To;False;NZW;0.8039499024365391;0.8397836853325269;0.7681161195405511
3;8;MeanColumns;False;NZW;0.9626801631012377;0.9728739133906787;0.9524864128117967
3;8;MeanRows;False;NZW;1.0;1.0;1.0
3;8;MaxColumns;False;NZW;0.9718884371784916;0.9916684252368952;0.952108449120088
3;8;MaxRows;False;NZW;1.0;1.0;1.0
3;9;From;False;NZW;0.5796903193996471;0.6310443477027144;0.5283362910965798
3;9;To;False;NZW;0.9729761588439985;0.962404043553022;0.983548274134975
3;9;MeanColumns;False;NZW;0.8549793558405796;0.7849362726507505;0.9250224390304088
3;9;MeanRows;False;NZW;1.0;1.0;1.0
3;9;MaxColumns;False;NZW;0.9240456382047709;0.9183777608945092;0.9297135155150327
3;9;MaxRows;False;NZW;1.0;1.0;1.0
3;10;From;False;NZW;0.2286961380893922;0.20340594564729364;0.2539863305314908
3;10;To;False;NZW;0.9536883278167944;0.9396845768175931;0.9676920788159956
3;10;MeanColumns;False;NZW;0.5029014331147474;0.3461914715237461;0.6596113947057488
3;10;MeanRows;False;NZW;1.0;1.0;1.0
3;10;MaxColumns;False;NZW;0.737571294152217;0.6621326857165035;0.8130099025879306
3;10;MaxRows;False;NZW;1.0;1.0;1.0
3;11;From;False;NZW;0.3460079839688588;0.4376417882746672;0.2543741796630504
3;11;To;False;NZW;0.3035727108627001;0.3532129235357104;0.25393249818968977
3;11;MeanColumns;False;NZW;0.9740578267372394;0.9770622753061051;0.9710533781683737
3;11;MeanRows;False;NZW;1.0;1.0;1.0
3;11;MaxColumns;False;NZW;0.9824058139655996;0.984560690487545;0.9802509374436542
3;11;MaxRows;False;NZW;1.0;1.0;1.0
4;Mean;From;False;NZW;0.390399788855595;0.5524560590421106;0.2283435186690794
4;Mean;To;False;NZW;1.0;1.0;1.0
4;Mean;MeanColumns;False;NZW;0.7957207148537182;0.8363538646536032;0.7550875650538333
4;Mean;MeanRows;False;NZW;1.0;1.0;1.0
4;Mean;MaxColumns;False;NZW;0.9983749054642445;0.9969824733097455;0.9997673376187434
4;Mean;MaxRows;False;NZW;1.0;1.0;1.0
4;Sum;From;False;NZW;0.390399788855595;0.5524560590421106;0.2283435186690794
4;Sum;To;False;NZW;1.0;1.0;1.0
4;Sum;MeanColumns;False;NZW;0.7957207148537182;0.8363538646536032;0.7550875650538333
4;Sum;MeanRows;False;NZW;1.0;1.0;1.0
4;Sum;MaxColumns;False;NZW;0.9983749054642445;0.9969824733097455;0.9997673376187434
4;Sum;MaxRows;False;NZW;1.0;1.0;1.0
4;0;From;False;NZW;0.5879878746295937;0.4627929911245462;0.713182758134641
4;0;To;False;NZW;0.9152720800646537;0.9549772698171953;0.8755668903121119
4;0;MeanColumns;False;NZW;0.861222733825284;0.7336068963325254;0.9888385713180425
4;0;MeanRows;False;NZW;1.0;1.0;1.0
4;0;MaxColumns;False;NZW;0.967369969864609;0.9363404147641853;0.9983995249650326
4;0;MaxRows;False;NZW;1.0;1.0;1.0
4;1;From;False;NZW;0.15659247109727414;0.2917186862898298;0.021466255904718505
4;1;To;False;NZW;0.6817375219045247;0.9620386060631203;0.40143643774592924
4;1;MeanColumns;False;NZW;0.2625256290612934;0.4667891398559258;0.05826211826666102
4;1;MeanRows;False;NZW;1.0;1.0;1.0
4;1;MaxColumns;False;NZW;0.48788533764145403;0.6663821804816434;0.3093884948012646
4;1;MaxRows;False;NZW;1.0;1.0;1.0
4;2;From;False;NZW;0.5941777423437486;0.5937206336292603;0.5946348510582369
4;2;To;False;NZW;0.44631789437672986;0.5271918040103474;0.36544398474311235
4;2;MeanColumns;False;NZW;0.8640704617889146;0.8254671061755566;0.9026738174022726
4;2;MeanRows;False;NZW;1.0;1.0;1.0
4;2;MaxColumns;False;NZW;0.9708511934397254;0.968650337088972;0.9730520497904788
4;2;MaxRows;False;NZW;1.0;1.0;1.0
4;3;From;False;NZW;0.11523962059915889;0.19677355636730723;0.033705684831010545
4;3;To;False;NZW;0.9605332220265188;0.9596729264369748;0.9613935176160627
4;3;MeanColumns;False;NZW;0.2965385029813787;0.40052276315787155;0.1925542428048858
4;3;MeanRows;False;NZW;1.0;1.0;1.0
4;3;MaxColumns;False;NZW;0.5193691661050868;0.643464301513461;0.39527403069671263
4;3;MaxRows;False;NZW;1.0;1.0;1.0
4;4;From;False;NZW;0.47414514223374216;0.47118935720480587;0.4771009272626785
4;4;To;False;NZW;0.9944390732765609;0.9985416550045564;0.9903364915485655
4;4;MeanColumns;False;NZW;0.7154123205348949;0.8117872924154108;0.619037348654379
4;4;MeanRows;False;NZW;1.0;1.0;1.0
4;4;MaxColumns;False;NZW;0.8086668584785031;0.9144508485331625;0.7028828684238435
4;4;MaxRows;False;NZW;1.0;1.0;1.0
4;5;From;False;NZW;0.3902408220902076;0.4155788338548118;0.36490281032560345
4;5;To;False;NZW;0.9787252085380361;0.988577604033277;0.9688728130427953
4;5;MeanColumns;False;NZW;0.8967943887130747;0.8606233958436144;0.9329653815825351
4;5;MeanRows;False;NZW;1.0;1.0;1.0
4;5;MaxColumns;False;NZW;0.9868065571147211;0.9894598692126787;0.9841532450167634
4;5;MaxRows;False;NZW;1.0;1.0;1.0
4;6;From;False;NZW;0.38706024937698086;0.6599636581065701;0.11415684064739166
4;6;To;False;NZW;0.9942609583898124;0.9998817671315336;0.9886401496480912
4;6;MeanColumns;False;NZW;0.6977518204460538;0.6848801364771987;0.710623504414909
4;6;MeanRows;False;NZW;1.0;1.0;1.0
4;6;MaxColumns;False;NZW;0.8422081234553258;0.9100845247417899;0.7743317221688616
4;6;MaxRows;False;NZW;1.0;1.0;1.0
4;7;From;False;NZW;0.7008543228798323;0.7100125970275927;0.6916960487320719
4;7;To;False;NZW;0.97462230963806;0.9786782464357647;0.9705663728403552
4;7;MeanColumns;False;NZW;0.9146842511312401;0.887070237766771;0.9422982644957091
4;7;MeanRows;False;NZW;1.0;1.0;1.0
4;7;MaxColumns;False;NZW;0.9514085258034871;0.9680173562851975;0.9347996953217768
4;7;MaxRows;False;NZW;1.0;1.0;1.0
4;8;From;False;NZW;0.16026165724898417;0.2326539513685462;0.08786936312942217
4;8;To;False;NZW;0.9900904082498776;0.9944121657451709;0.9857686507545844
4;8;MeanColumns;False;NZW;0.758536844080151;0.7203295310836417;0.7967441570766601
4;8;MeanRows;False;NZW;1.0;1.0;1.0
4;8;MaxColumns;False;NZW;0.9340345005915344;0.937456420995786;0.9306125801872828
4;8;MaxRows;False;NZW;1.0;1.0;1.0
4;9;From;False;NZW;0.14201875902238664;0.21218402514252035;0.07185349290225293
4;9;To;False;NZW;0.9802475874235528;0.9852584514687225;0.9752367233783831
4;9;MeanColumns;False;NZW;0.5847046696862981;0.6980995690732283;0.47130977029936777
4;9;MeanRows;False;NZW;1.0;1.0;1.0
4;9;MaxColumns;False;NZW;0.758131339957101;0.8399824526100426;0.6762802273041596
4;9;MaxRows;False;NZW;1.0;1.0;1.0
4;10;From;False;NZW;0.08056496353961798;0.14829629628669888;0.012833630792537081
4;10;To;False;NZW;0.564631259132315;0.8758651198251572;0.25339739843947295
4;10;MeanColumns;False;NZW;0.13869029768671115;0.25994191498934066;0.01743868038408166
4;10;MeanRows;False;NZW;1.0;1.0;1.0
4;10;MaxColumns;False;NZW;0.21164378977503687;0.3612429364676793;0.062044643082394435
4;10;MaxRows;False;NZW;1.0;1.0;1.0
4;11;From;False;NZW;0.4031119875861934;0.6050157158778218;0.20120825929456498
4;11;To;False;NZW;0.993224944226482;0.9909021998601361;0.9955476885928278
4;11;MeanColumns;False;NZW;0.8946286199616635;0.8132775194357275;0.9759797204875995
4;11;MeanRows;False;NZW;1.0;1.0;1.0
4;11;MaxColumns;False;NZW;0.9607958324268475;0.9556905110228536;0.9659011538308413
4;11;MaxRows;False;NZW;1.0;1.0;1.0
5;Mean;From;False;NZW;0.5031194814818488;0.5589789965359045;0.44725996642779314
5;Mean;To;False;NZW;0.9910999594168421;0.9995490264172753;0.9826508924164091
5;Mean;MeanColumns;False;NZW;0.8418109800047167;0.776351747637348;0.9072702123720854
5;Mean;MeanRows;False;NZW;1.0;1.0;1.0
5;Mean;MaxColumns;False;NZW;0.9878152413026414;0.9946670956654821;0.9809633869398008
5;Mean;MaxRows;False;NZW;1.0;1.0;1.0
5;Sum;From;False;NZW;0.5031194814818488;0.5589789965359045;0.44725996642779314
5;Sum;To;False;NZW;0.9910999594168421;0.9995490264172753;0.9826508924164091
5;Sum;MeanColumns;False;NZW;0.8418109800047167;0.776351747637348;0.9072702123720854
5;Sum;MeanRows;False;NZW;1.0;1.0;1.0
5;Sum;MaxColumns;False;NZW;0.9878152413026414;0.9946670956654821;0.9809633869398008
5;Sum;MaxRows;False;NZW;1.0;1.0;1.0
5;0;From;False;NZW;0.7415522325795114;0.8248208670422219;0.658283598116801
5;0;To;False;NZW;0.8879159299364827;0.9670463952415618;0.8087854646314037
5;0;MeanColumns;False;NZW;0.7587838667408475;0.7113318172761565;0.8062359162055385
5;0;MeanRows;False;NZW;1.0;1.0;1.0
5;0;MaxColumns;False;NZW;0.943515444816326;0.977964064495606;0.909066825137046
5;0;MaxRows;False;NZW;1.0;1.0;1.0
5;1;From;False;NZW;0.2664217923027244;0.3206823188126036;0.21216126579284514
5;1;To;False;NZW;0.7341168902927323;0.6662211200571105;0.8020126605283541
5;1;MeanColumns;False;NZW;0.9108065033297528;0.9697522773406707;0.8518607293188347
5;1;MeanRows;False;NZW;1.0;1.0;1.0
5;1;MaxColumns;False;NZW;0.9666443169995891;0.9939616389555468;0.9393269950436314
5;1;MaxRows;False;NZW;1.0;1.0;1.0
5;2;From;False;NZW;0.5918957456441053;0.5588624571049489;0.6249290341832617
5;2;To;False;NZW;0.9549590157800937;0.9871435944256944;0.9227744371344929
5;2;MeanColumns;False;NZW;0.7916355507462103;0.7017256460522948;0.8815454554401259
5;2;MeanRows;False;NZW;1.0;1.0;1.0
5;2;MaxColumns;False;NZW;0.921350796495846;0.9282203056380977;0.9144812873535942
5;2;MaxRows;False;NZW;1.0;1.0;1.0
5;3;From;False;NZW;0.5107915842445259;0.3861276151724667;0.6354555533165851
5;3;To;False;NZW;0.963406331397024;0.9964736653847976;0.9303389974092504
5;3;MeanColumns;False;NZW;0.8643020133851105;0.8242114953274883;0.9043925314427326
5;3;MeanRows;False;NZW;1.0;1.0;1.0
5;3;MaxColumns;False;NZW;0.9650911877943662;0.9663910349819373;0.9637913406067949
5;3;MaxRows;False;NZW;1.0;1.0;1.0
5;4;From;False;NZW;0.5472525081278459;0.45319363450361017;0.6413113817520817
5;4;To;False;NZW;0.9304361877605287;0.9946011005005533;0.8662712750205043
5;4;MeanColumns;False;NZW;0.8384971109010853;0.7809132404279401;0.8960809813742304
5;4;MeanRows;False;NZW;1.0;1.0;1.0
5;4;MaxColumns;False;NZW;0.9374069577545703;0.9486504153284226;0.9261635001807178
5;4;MaxRows;False;NZW;1.0;1.0;1.0
5;5;From;False;NZW;0.7016079415687625;0.5864727075156876;0.8167431756218374
5;5;To;False;NZW;0.9152169383384345;0.9550776353407299;0.8753562413361393
5;5;MeanColumns;False;NZW;0.8351870650615673;0.7775632776273099;0.8928108524958246
5;5;MeanRows;False;NZW;1.0;1.0;1.0
5;5;MaxColumns;False;NZW;0.9050036018041515;0.9100143196442065;0.8999928839640965
5;5;MaxRows;False;NZW;1.0;1.0;1.0
5;6;From;False;NZW;0.4284119674890674;0.4608284259740475;0.39599550900408725
5;6;To;False;NZW;0.8827822893284722;0.908891688287898;0.8566728903690466
5;6;MeanColumns;False;NZW;0.7791763151103097;0.738690578707665;0.8196620515129543
5;6;MeanRows;False;NZW;1.0;1.0;1.0
5;6;MaxColumns;False;NZW;0.8555325884566856;0.9120866347293644;0.7989785421840067
5;6;MaxRows;False;NZW;1.0;1.0;1.0
5;7;From;False;NZW;0.44052481645908675;0.4601101487267067;0.4209394841914668
5;7;To;False;NZW;0.982908260767074;0.9972679376318168;0.9685485839023313
5;7;MeanColumns;False;NZW;0.7325599513084231;0.5928144159048737;0.8723054867119725
5;7;MeanRows;False;NZW;1.0;1.0;1.0
5;7;MaxColumns;False;NZW;0.8649121248112766;0.7691632949551037;0.9606609546674495
5;7;MaxRows;False;NZW;1.0;1.0;1.0
5;8;From;False;NZW;0.23520859438114047;0.3020114908628545;0.16840569789942644
5;8;To;False;NZW;0.9806884828971671;0.9929339257224441;0.9684430400718902
5;8;MeanColumns;False;NZW;0.7264197496731483;0.6288270135036367;0.8240124858426598
5;8;MeanRows;False;NZW;1.0;1.0;1.0
5;8;MaxColumns;False;NZW;0.9360257730424718;0.9047336792913621;0.9673178667935816
5;8;MaxRows;False;NZW;1.0;1.0;1.0
5;9;From;False;NZW;0.2985130621549317;0.2068127967504207;0.3902133275594426
5;9;To;False;NZW;0.9611131482094717;0.9654933852043094;0.9567329112146339
5;9;MeanColumns;False;NZW;0.7547799312213973;0.6497693757499384;0.8597904866928562
5;9;MeanRows;False;NZW;1.0;1.0;1.0
5;9;MaxColumns;False;NZW;0.8939886893401285;0.8448194433220606;0.9431579353581965
5;9;MaxRows;False;NZW;1.0;1.0;1.0
5;10;From;False;NZW;0.5355978142404835;0.4265598451720489;0.644635783308918
5;10;To;False;NZW;0.9611486396777518;0.9952192224908426;0.9270780568646609
5;10;MeanColumns;False;NZW;0.732174280430326;0.5879117261004261;0.8764368347602259
5;10;MeanRows;False;NZW;1.0;1.0;1.0
5;10;MaxColumns;False;NZW;0.8514498332522138;0.7713951855925122;0.9315044809119154
5;10;MaxRows;False;NZW;1.0;1.0;1.0
5;11;From;False;NZW;0.43617052733812867;0.4790408215044901;0.39330023317176716
5;11;To;False;NZW;0.9636622112399829;0.9751612631190284;0.9521631593609373
5;11;MeanColumns;False;NZW;0.724069284834008;0.6408755948967143;0.8072629747713018
5;11;MeanRows;False;NZW;1.0;1.0;1.0
5;11;MaxColumns;False;NZW;0.8892580530775462;0.8615271041839607;0.9169890019711318
5;11;MaxRows;False;NZW;1.0;1.0;1.0
6;Mean;From;False;NZW;0.67299798912335;0.6279229185798834;0.7180730596668164
6;Mean;To;False;NZW;0.9770295879944628;0.9997129553522557;0.95434622063667
6;Mean;MeanColumns;False;NZW;0.7951836889340331;0.6853126647838017;0.9050547130842647
6;Mean;MeanRows;False;NZW;1.0;1.0;1.0
6;Mean;MaxColumns;False;NZW;0.9657968235304774;0.9699687652560489;0.9616248818049058
6;Mean;MaxRows;False;NZW;1.0;1.0;1.0
6;Sum;From;False;NZW;0.67299798912335;0.6279229185798834;0.7180730596668164
6;Sum;To;False;NZW;0.9770295879944628;0.9997129553522557;0.95434622063667
6;Sum;MeanColumns;False;NZW;0.7951836889340331;0.6853126647838017;0.9050547130842647
6;Sum;MeanRows;False;NZW;1.0;1.0;1.0
6;Sum;MaxColumns;False;NZW;0.9657968235304774;0.9699687652560489;0.9616248818049058
6;Sum;MaxRows;False;NZW;1.0;1.0;1.0
6;0;From;False;NZW;0.9133181405140591;0.8829427567459406;0.9436935242821777
6;0;To;False;NZW;0.9891117162676636;0.9992634657009988;0.9789599668343284
6;0;MeanColumns;False;NZW;0.9405551275627639;0.962794451339613;0.9183158037859149
6;0;MeanRows;False;NZW;1.0;1.0;1.0
6;0;MaxColumns;False;NZW;0.9344031490585767;0.9459325372904959;0.9228737608266574
6;0;MaxRows;False;NZW;1.0;1.0;1.0
6;1;From;False;NZW;0.45439233227009534;0.5963110499483596;0.3124736145918311
6;1;To;False;NZW;0.6171483368425126;0.7060961209191742;0.5282005527658511
6;1;MeanColumns;False;NZW;0.6121979083774165;0.8080636457572155;0.41633217099761743
6;1;MeanRows;False;NZW;1.0;1.0;1.0
6;1;MaxColumns;False;NZW;0.7118011088791628;0.9873135696256444;0.4362886481326812
6;1;MaxRows;False;NZW;1.0;1.0;1.0
6;2;From;False;NZW;0.5147324962698467;0.5168345644393187;0.5126304281003747
6;2;To;False;NZW;0.845454897074273;0.918102563224421;0.772807230924125
6;2;MeanColumns;False;NZW;0.6742089443486818;0.608169572642177;0.7402483160551868
6;2;MeanRows;False;NZW;1.0;1.0;1.0
6;2;MaxColumns;False;NZW;0.811661975788774;0.8663725098906863;0.7569514416868618
6;2;MaxRows;False;NZW;1.0;1.0;1.0
6;3;From;False;NZW;0.4812914728059635;0.3584164373874534;0.6041665082244736
6;3;To;False;NZW;0.9292246136266418;0.9751589007777947;0.8832903264754888
6;3;MeanColumns;False;NZW;0.7469040368744012;0.6037787510253376;0.8900293227234648
6;3;MeanRows;False;NZW;1.0;1.0;1.0
6;3;MaxColumns;False;NZW;0.8626865988056929;0.7796238986467535;0.9457492989646321
6;3;MaxRows;False;NZW;1.0;1.0;1.0
6;4;From;False;NZW;0.35445029734888245;0.33072769864544077;0.3781728960523242
6;4;To;False;NZW;0.7478816991422573;0.5997264091053018;0.8960369891792128
6;4;MeanColumns;False;NZW;0.6304493042288821;0.5069425147911294;0.7539560936666347
6;4;MeanRows;False;NZW;1.0;1.0;1.0
6;4;MaxColumns;False;NZW;0.7022013107203672;0.49849619030777037;0.905906431132964
6;4;MaxRows;False;NZW;1.0;1.0;1.0
6;5;From;False;NZW;0.452338101090192;0.3961897045972284;0.5084864975831556
6;5;To;False;NZW;0.8671225406543783;0.9821008703453782;0.7521442109633785
6;5;MeanColumns;False;NZW;0.7038291045315329;0.5934219257224843;0.8142362833405815
6;5;MeanRows;False;NZW;1.0;1.0;1.0
6;5;MaxColumns;False;NZW;0.8018113872914019;0.6721837370140074;0.9314390375687965
6;5;MaxRows;False;NZW;1.0;1.0;1.0
6;6;From;False;NZW;0.42861091789602856;0.24608347346541753;0.6111383623266395
6;6;To;False;NZW;0.8590050967265584;0.9757881528425315;0.7422220406105854
6;6;MeanColumns;False;NZW;0.702784057244572;0.5753487566599562;0.830219357829188
6;6;MeanRows;False;NZW;1.0;1.0;1.0
6;6;MaxColumns;False;NZW;0.7426367426434655;0.5773339433400841;0.9079395419468468
6;6;MaxRows;False;NZW;1.0;1.0;1.0
6;7;From;False;NZW;0.24202554829640993;0.21434149217890525;0.2697096044139146
6;7;To;False;NZW;0.758352040251211;0.9693206631527732;0.5473834173496487
6;7;MeanColumns;False;NZW;0.5354750295821215;0.5877958450533604;0.48315421411088255
6;7;MeanRows;False;NZW;1.0;1.0;1.0
6;7;MaxColumns;False;NZW;0.5285113628829112;0.6189149544728096;0.43810777129301276
6;7;MaxRows;False;NZW;1.0;1.0;1.0
6;8;From;False;NZW;0.47059839806314396;0.368831245593672;0.572365550532616
6;8;To;False;NZW;0.6985687626271354;0.8023339755824265;0.5948035496718443
6;8;MeanColumns;False;NZW;0.7056084912151632;0.5733810631713172;0.8378359192590091
6;8;MeanRows;False;NZW;1.0;1.0;1.0
6;8;MaxColumns;False;NZW;0.6573770160239794;0.5696689364121217;0.7450850956358371
6;8;MaxRows;False;NZW;1.0;1.0;1.0
6;9;From;False;NZW;0.39629942957019815;0.3374612380816017;0.45513762105879463
6;9;To;False;NZW;0.39674335118320375;0.5512004647175921;0.24228623764881543
6;9;MeanColumns;False;NZW;0.7621016140170733;0.8704294652324543;0.6537737628016922
6;9;MeanRows;False;NZW;1.0;1.0;1.0
6;9;MaxColumns;False;NZW;0.7470596339406297;0.9435039698079998;0.5506152980732596
6;9;MaxRows;False;NZW;1.0;1.0;1.0
6;10;From;False;NZW;0.5168127807655805;0.46333649775049646;0.5702890637806646
6;10;To;False;NZW;0.7256308480442353;0.8626003318833606;0.58866136420511
6;10;MeanColumns;False;NZW;0.6738635865533439;0.5921642575809387;0.7555629155257491
6;10;MeanRows;False;NZW;1.0;1.0;1.0
6;10;MaxColumns;False;NZW;0.712567126474432;0.7834492464667512;0.6416850064821128
6;10;MaxRows;False;NZW;1.0;1.0;1.0
6;11;From;False;NZW;0.6093182657330163;0.37762883595063756;0.8410076955153949
6;11;To;False;NZW;0.9540012767907879;0.9977421643620397;0.9102603892195362
6;11;MeanColumns;False;NZW;0.7778816388031138;0.6332573849837643;0.9225058926224632
6;11;MeanRows;False;NZW;1.0;1.0;1.0
6;11;MaxColumns;False;NZW;0.8896873813290036;0.7978314864013909;0.9815432762566164
6;11;MaxRows;False;NZW;1.0;1.0;1.0
7;Mean;From;False;NZW;0.6763649343747707;0.4600029238098607;0.8927269449396807
7;Mean;To;False;NZW;0.9893498199507387;0.9990367718230975;0.9796628680783799
7;Mean;MeanColumns;False;NZW;0.7554313446781808;0.5994887268511616;0.9113739625052001
7;Mean;MeanRows;False;NZW;1.0;1.0;1.0
7;Mean;MaxColumns;False;NZW;0.8541944557179881;0.7358752400215983;0.9725136714143778
7;Mean;MaxRows;False;NZW;1.0;1.0;1.0
7;Sum;From;False;NZW;0.6763649343747707;0.4600029238098607;0.8927269449396807
7;Sum;To;False;NZW;0.9893498199507387;0.9990367718230975;0.9796628680783799
7;Sum;MeanColumns;False;NZW;0.7554313446781808;0.5994887268511616;0.9113739625052001
7;Sum;MeanRows;False;NZW;1.0;1.0;1.0
7;Sum;MaxColumns;False;NZW;0.8541944557179881;0.7358752400215983;0.9725136714143778
7;Sum;MaxRows;False;NZW;1.0;1.0;1.0
7;0;From;False;NZW;0.7709738530816671;0.7691471200004808;0.7728005861628534
7;0;To;False;NZW;0.8034786261666358;0.7832648862058988;0.8236923661273726
7;0;MeanColumns;False;NZW;0.8011474015110011;0.6598568740600783;0.9424379289619238
7;0;MeanRows;False;NZW;1.0;1.0;1.0
7;0;MaxColumns;False;NZW;0.9500700114950532;0.9164520018823766;0.9836880211077298
7;0;MaxRows;False;NZW;1.0;1.0;1.0
7;1;From;False;NZW;0.5325841199625337;0.23630378436593105;0.8288644555591363
7;1;To;False;NZW;0.9303478593111487;0.972522604168329;0.8881731144539683
7;1;MeanColumns;False;NZW;0.7577720840109763;0.5920238569401864;0.9235203110817662
7;1;MeanRows;False;NZW;1.0;1.0;1.0
7;1;MaxColumns;False;NZW;0.8922987388647629;0.8450339427885888;0.9395635349409369
7;1;MaxRows;False;NZW;1.0;1.0;1.0
7;2;From;False;NZW;0.5475207345543802;0.36455585034798504;0.7304856187607754
7;2;To;False;NZW;0.9172843550971191;0.9360057869720034;0.8985629232222349
7;2;MeanColumns;False;NZW;0.7548568430912346;0.597706790214841;0.9120068959676283
7;2;MeanRows;False;NZW;1.0;1.0;1.0
7;2;MaxColumns;False;NZW;0.8938759450829538;0.823476700594723;0.9642751895711845
7;2;MaxRows;False;NZW;1.0;1.0;1.0
7;3;From;False;NZW;0.47744553047578475;0.19153659341880186;0.7633544675327677
7;3;To;False;NZW;0.8021074139515549;0.8298805837922976;0.7743342441108122
7;3;MeanColumns;False;NZW;0.7307259812793561;0.558525630672592;0.9029263318861201
7;3;MeanRows;False;NZW;1.0;1.0;1.0
7;3;MaxColumns;False;NZW;0.7369382088044995;0.5386727286706467;0.9352036889383522
7;3;MaxRows;False;NZW;1.0;1.0;1.0
7;4;From;False;NZW;0.45805819719090174;0.22168421060376461;0.6944321837780388
7;4;To;False;NZW;0.9111610071653964;0.9763735026311832;0.8459485116996097
7;4;MeanColumns;False;NZW;0.750750488056207;0.5885297622298534;0.9129712138825605
7;4;MeanRows;False;NZW;1.0;1.0;1.0
7;4;MaxColumns;False;NZW;0.8033482201959163;0.6611316876128013;0.9455647527790315
7;4;MaxRows;False;NZW;1.0;1.0;1.0
7;5;From;False;NZW;0.6515716571763165;0.30798352025959025;0.9951597940930428
7;5;To;False;NZW;0.9521133319772681;0.9137828848549397;0.9904437790995966
7;5;MeanColumns;False;NZW;0.7876520459736318;0.5766629898835425;0.9986411020637211
7;5;MeanRows;False;NZW;1.0;1.0;1.0
7;5;MaxColumns;False;NZW;0.7662729832559201;0.5391655618390108;0.9933804046728293
7;5;MaxRows;False;NZW;1.0;1.0;1.0
7;6;From;False;NZW;0.35375065274185513;0.18456341887763827;0.522937886606072
7;6;To;False;NZW;0.8905094262721838;0.9385881336428907;0.8424307189014768
7;6;MeanColumns;False;NZW;0.7382187242595142;0.5795241511852646;0.8969132973337637
7;6;MeanRows;False;NZW;1.0;1.0;1.0
7;6;MaxColumns;False;NZW;0.751356559288789;0.6147311643606781;0.8879819542169
7;6;MaxRows;False;NZW;1.0;1.0;1.0
7;7;From;False;NZW;0.7450453862578954;0.5748515015993958;0.9152392709163951
7;7;To;False;NZW;0.9884964556341439;0.9983240223937453;0.9786688888745425
7;7;MeanColumns;False;NZW;0.7550309919651099;0.5994653490874853;0.9105966348427347
7;7;MeanRows;False;NZW;1.0;1.0;1.0
7;7;MaxColumns;False;NZW;0.8105815090620636;0.6491833230964801;0.9719796950276473
7;7;MaxRows;False;NZW;1.0;1.0;1.0
7;8;From;False;NZW;0.4428589099670315;0.1799188480641594;0.7057989718699036
7;8;To;False;NZW;0.8556091117525415;0.9269180765187901;0.7843001469862928
7;8;MeanColumns;False;NZW;0.7145535113183632;0.5591766898109668;0.8699303328257597
7;8;MeanRows;False;NZW;1.0;1.0;1.0
7;8;MaxColumns;False;NZW;0.712863661148194;0.5721980295694874;0.8535292927269005
7;8;MaxRows;False;NZW;1.0;1.0;1.0
7;9;From;False;NZW;0.5738398040709392;0.37578562048686504;0.7718939876550134
7;9;To;False;NZW;0.8662213377205489;0.9553434099666819;0.7770992654744159
7;9;MeanColumns;False;NZW;0.7435401460685349;0.5849353933463024;0.9021448987907673
7;9;MeanRows;False;NZW;1.0;1.0;1.0
7;9;MaxColumns;False;NZW;0.7968600347194481;0.6925344825781214;0.9011855868607748
7;9;MaxRows;False;NZW;1.0;1.0;1.0
7;10;From;False;NZW;0.5183356368542862;0.25875176004908623;0.7779195136594862
7;10;To;False;NZW;0.8933287488312676;0.9592571127205773;0.8274003849419578
7;10;MeanColumns;False;NZW;0.7467977347258193;0.5931915194950278;0.9004039499566109
7;10;MeanRows;False;NZW;1.0;1.0;1.0
7;10;MaxColumns;False;NZW;0.7881068283591991;0.6786191583154072;0.897594498402991
7;10;MaxRows;False;NZW;1.0;1.0;1.0
7;11;From;False;NZW;0.6927447583194708;0.6107998142247024;0.7746897024142392
7;11;To;False;NZW;0.9020764796727496;0.9786289576894418;0.8255240016560575
7;11;MeanColumns;False;NZW;0.7352598144022208;0.5904184173942958;0.8801012114101457
7;11;MeanRows;False;NZW;1.0;1.0;1.0
7;11;MaxColumns;False;NZW;0.7650538996181877;0.6641918901474468;0.8659159090889287
7;11;MaxRows;False;NZW;1.0;1.0;1.0
8;Mean;From;False;NZW;0.6188795682240426;0.3406821542665752;0.8970769821815099
8;Mean;To;False;NZW;0.9920850302654003;0.9986935436071713;0.9854765169236293
8;Mean;MeanColumns;False;NZW;0.8270645942935031;0.7498079843760563;0.9043212042109497
8;Mean;MeanRows;False;NZW;1.0;1.0;1.0
8;Mean;MaxColumns;False;NZW;0.9201454148967652;0.9050015757151197;0.9352892540784107
8;Mean;MaxRows;False;NZW;1.0;1.0;1.0
8;Sum;From;False;NZW;0.6188795682240426;0.3406821542665752;0.8970769821815099
8;Sum;To;False;NZW;0.9920850302654003;0.9986935436071713;0.9854765169236293
8;Sum;MeanColumns;False;NZW;0.8270645942935031;0.7498079843760563;0.9043212042109497
8;Sum;MeanRows;False;NZW;1.0;1.0;1.0
8;Sum;MaxColumns;False;NZW;0.9201454148967652;0.9050015757151197;0.9352892540784107
8;Sum;MaxRows;False;NZW;1.0;1.0;1.0
8;0;From;False;NZW;0.5959929857635966;0.31206004402700727;0.8799259275001861
8;0;To;False;NZW;0.9434470773658894;0.9381751905722489;0.9487189641595298
8;0;MeanColumns;False;NZW;0.7645198395255818;0.6109289632159145;0.9181107158352491
8;0;MeanRows;False;NZW;1.0;1.0;1.0
8;0;MaxColumns;False;NZW;0.9325926092226755;0.8841611044074721;0.981024114037879
8;0;MaxRows;False;NZW;1.0;1.0;1.0
8;1;From;False;NZW;0.5109632264932203;0.1596413481006322;0.8622851048858086
8;1;To;False;NZW;0.969254174924361;0.9959603704779618;0.9425479793707601
8;1;MeanColumns;False;NZW;0.7023196323795605;0.500252816616842;0.9043864481422791
8;1;MeanRows;False;NZW;1.0;1.0;1.0
8;1;MaxColumns;False;NZW;0.8153463922866087;0.7188160336423826;0.9118767509308346
8;1;MaxRows;False;NZW;1.0;1.0;1.0
8;2;From;False;NZW;0.6978735124746152;0.5446017134127444;0.8511453115364858
8;2;To;False;NZW;0.9227000553990783;0.961378588464239;0.8840215223339175
8;2;MeanColumns;False;NZW;0.720692366640006;0.584548617750622;0.85683611552939
8;2;MeanRows;False;NZW;1.0;1.0;1.0
8;2;MaxColumns;False;NZW;0.7686065220578338;0.6082067827277413;0.9290062613879261
8;2;MaxRows;False;NZW;1.0;1.0;1.0
8;3;From;False;NZW;0.5483473987663467;0.24703189367853096;0.8496629038541624
8;3;To;False;NZW;0.9295224970501539;0.9228915675609692;0.9361534265393386
8;3;MeanColumns;False;NZW;0.7196662607671778;0.577976483448318;0.8613560380860376
8;3;MeanRows;False;NZW;1.0;1.0;1.0
8;3;MaxColumns;False;NZW;0.6403713507526825;0.6764325965283705;0.6043101049769943
8;3;MaxRows;False;NZW;1.0;1.0;1.0
8;4;From;False;NZW;0.6271525513617031;0.40326450041674905;0.8510406023066572
8;4;To;False;NZW;0.880860947276364;0.9316994937545398;0.8300224007981882
8;4;MeanColumns;False;NZW;0.84700436050774;0.8256451272089284;0.8683635938065516
8;4;MeanRows;False;NZW;1.0;1.0;1.0
8;4;MaxColumns;False;NZW;0.9168530836942088;0.9733367319455903;0.8603694354428274
8;4;MaxRows;False;NZW;1.0;1.0;1.0
8;5;From;False;NZW;0.22799922890775887;0.448517666798642;0.00748079101687573
8;5;To;False;NZW;0.3174227133964806;0.6027898798045119;0.03205554698844928
8;5;MeanColumns;False;NZW;0.7307020836804579;0.5889173446493311;0.8724868227115846
8;5;MeanRows;False;NZW;1.0;1.0;1.0
8;5;MaxColumns;False;NZW;0.9448977630825107;0.9490458234513754;0.940749702713646
8;5;MaxRows;False;NZW;1.0;1.0;1.0
8;6;From;False;NZW;0.5440924982498231;0.20039085068108367;0.8877941458185625
8;6;To;False;NZW;0.9102003543982278;0.8913542538467801;0.9290464549496753
8;6;MeanColumns;False;NZW;0.7252347593428274;0.5450850055572155;0.9053845131284393
8;6;MeanRows;False;NZW;1.0;1.0;1.0
8;6;MaxColumns;False;NZW;0.7394187502652493;0.5654181136346604;0.9134193868958381
8;6;MaxRows;False;NZW;1.0;1.0;1.0
8;7;From;False;NZW;0.7126715764981819;0.5254075187669316;0.8999356342294323
8;7;To;False;NZW;0.9789712521862608;0.993033529185615;0.9649089751869065
8;7;MeanColumns;False;NZW;0.8549483038057037;0.8048079846598108;0.9050886229515966
8;7;MeanRows;False;NZW;1.0;1.0;1.0
8;7;MaxColumns;False;NZW;0.87682087623064;0.8397150580412457;0.9139266944200344
8;7;MaxRows;False;NZW;1.0;1.0;1.0
8;8;From;False;NZW;0.6277854871042355;0.33077393985221526;0.9247970343562558
8;8;To;False;NZW;0.9327330283327455;0.9078407278664463;0.9576253287990448
8;8;MeanColumns;False;NZW;0.7665392289762556;0.5958875055251482;0.9371909524273628
8;8;MeanRows;False;NZW;1.0;1.0;1.0
8;8;MaxColumns;False;NZW;0.811554907131668;0.6578678384916086;0.9652419757717274
8;8;MaxRows;False;NZW;1.0;1.0;1.0
8;9;From;False;NZW;0.515570953892716;0.16625083591204765;0.8648910718733843
8;9;To;False;NZW;0.9336821249854295;0.9202195752450559;0.947144674725803
8;9;MeanColumns;False;NZW;0.7371489558943113;0.5688547475271414;0.9054431642614812
8;9;MeanRows;False;NZW;1.0;1.0;1.0
8;9;MaxColumns;False;NZW;0.7664981200011741;0.6101436281912634;0.9228526118110848
8;9;MaxRows;False;NZW;1.0;1.0;1.0
8;10;From;False;NZW;0.6210015158395146;0.34201202535977393;0.8999910063192553
8;10;To;False;NZW;0.9797310661249856;0.9840838992117309;0.9753782330382402
8;10;MeanColumns;False;NZW;0.8407917328986538;0.7792104885184462;0.9023729772788613
8;10;MeanRows;False;NZW;1.0;1.0;1.0
8;10;MaxColumns;False;NZW;0.9163969280467017;0.9224705230142616;0.9103233330791418
8;10;MaxRows;False;NZW;1.0;1.0;1.0
8;11;From;False;NZW;0.7823375995791846;0.6154262009417891;0.9492489982165802
8;11;To;False;NZW;0.9661003492199454;0.9535301125096537;0.9786705859302371
8;11;MeanColumns;False;NZW;0.8941913947100576;0.8087953559916478;0.9795874334284674
8;11;MeanRows;False;NZW;1.0;1.0;1.0
8;11;MaxColumns;False;NZW;0.8153123783219425;0.7815536594969335;0.8490710971469516
8;11;MaxRows;False;NZW;1.0;1.0;1.0
9;Mean;From;False;NZW;0.7323534220948651;0.5021330563677285;0.9625737878220016
9;Mean;To;False;NZW;0.9948468027522791;0.9978619913515157;0.9918316141530426
9;Mean;MeanColumns;False;NZW;0.8405440644260596;0.713119510830694;0.9679686180214252
9;Mean;MeanRows;False;NZW;1.0;1.0;1.0
9;Mean;MaxColumns;False;NZW;0.9874686873807927;0.9839045215426233;0.9910328532189623
9;Mean;MaxRows;False;NZW;1.0;1.0;1.0
9;Sum;From;False;NZW;0.7323534220948651;0.5021330563677285;0.9625737878220016
9;Sum;To;False;NZW;0.9948468027522791;0.9978619913515157;0.9918316141530426
9;Sum;MeanColumns;False;NZW;0.8405440644260596;0.713119510830694;0.9679686180214252
9;Sum;MeanRows;False;NZW;1.0;1.0;1.0
9;Sum;MaxColumns;False;NZW;0.9874686873807927;0.9839045215426233;0.9910328532189623
9;Sum;MaxRows;False;NZW;1.0;1.0;1.0
9;0;From;False;NZW;0.6811744006207235;0.3774939068335125;0.9848548944079345
9;0;To;False;NZW;0.815001800477916;0.6477099666408903;0.9822936343149419
9;0;MeanColumns;False;NZW;0.7720065525824962;0.5483405040604543;0.9956726011045381
9;0;MeanRows;False;NZW;1.0;1.0;1.0
9;0;MaxColumns;False;NZW;0.9280489578966609;0.8563876472792665;0.9997102685140552
9;0;MaxRows;False;NZW;1.0;1.0;1.0
9;1;From;False;NZW;0.8974476925316459;0.8468455156389032;0.9480498694243887
9;1;To;False;NZW;0.9794984248572695;0.9774650988890793;0.9815317508254596
9;1;MeanColumns;False;NZW;0.8573438945887858;0.7155169823378833;0.9991708068396883
9;1;MeanRows;False;NZW;1.0;1.0;1.0
9;1;MaxColumns;False;NZW;0.9586227812594521;0.9382343742862574;0.9790111882326469
9;1;MaxRows;False;NZW;1.0;1.0;1.0
9;2;From;False;NZW;0.8456206079173971;0.7393018598398797;0.9519393559949146
9;2;To;False;NZW;0.9860109822228166;0.9851512447504248;0.9868707196952083
9;2;MeanColumns;False;NZW;0.9125297827080208;0.874737411122912;0.9503221542931295
9;2;MeanRows;False;NZW;1.0;1.0;1.0
9;2;MaxColumns;False;NZW;0.9583769845955081;0.9423366804424277;0.9744172887485886
9;2;MaxRows;False;NZW;1.0;1.0;1.0
9;3;From;False;NZW;0.537252145522089;0.09863749121903204;0.975866799825146
9;3;To;False;NZW;0.6643475036755965;0.3673445011989297;0.9613505061522633
9;3;MeanColumns;False;NZW;0.7344161937132128;0.5233711911517327;0.9454611962746929
9;3;MeanRows;False;NZW;1.0;1.0;1.0
9;3;MaxColumns;False;NZW;0.9144624624827327;0.8673542794754376;0.9615706454900277
9;3;MaxRows;False;NZW;0.9999865937365937;1.0;0.9999731874731875
9;4;From;False;NZW;0.6220264776192204;0.3436177063079671;0.9004352489304737
9;4;To;False;NZW;0.8502607868207421;0.7329978219436797;0.9675237516978046
9;4;MeanColumns;False;NZW;0.7546026630496607;0.5866593502022618;0.9225459758970596
9;4;MeanRows;False;NZW;1.0;1.0;1.0
9;4;MaxColumns;False;NZW;0.9214288774469264;0.9075999621683795;0.9352577927254734
9;4;MaxRows;False;NZW;1.0;1.0;1.0
9;5;From;False;NZW;0.5220925211248242;0.12463359252596988;0.9195514497236784
9;5;To;False;NZW;0.7737979752416092;0.5844817717102023;0.9631141787730161
9;5;MeanColumns;False;NZW;0.5876781804408004;0.25643225837243333;0.9189241025091675
9;5;MeanRows;False;NZW;1.0;1.0;1.0
9;5;MaxColumns;False;NZW;0.6787515617804495;0.40992946247823436;0.9475736610826646
9;5;MaxRows;False;NZW;1.0;1.0;1.0
9;6;From;False;NZW;0.6752112954638052;0.44456260297890265;0.9058599879487078
9;6;To;False;NZW;0.9185404747280281;0.8527268284944236;0.9843541209616327
9;6;MeanColumns;False;NZW;0.8168409339462078;0.7221185146375273;0.9115633532548884
9;6;MeanRows;False;NZW;1.0;1.0;1.0
9;6;MaxColumns;False;NZW;0.9067802142322173;0.8781598925952092;0.9354005358692254
9;6;MaxRows;False;NZW;1.0;1.0;1.0
9;7;From;False;NZW;0.7794870367922776;0.6520932173862624;0.9068808561982928
9;7;To;False;NZW;0.9175311533943342;0.8597268821364389;0.9753354246522294
9;7;MeanColumns;False;NZW;0.8591708016806558;0.7776641450803735;0.9406774582809382
9;7;MeanRows;False;NZW;1.0;1.0;1.0
9;7;MaxColumns;False;NZW;0.9852974669627949;0.9847344810582462;0.9858604528673435
9;7;MaxRows;False;NZW;1.0;1.0;1.0
9;8;From;False;NZW;0.657753931669405;0.4487483615338582;0.8667595018049519
9;8;To;False;NZW;0.9028611641602011;0.8826583132534719;0.9230640150669304
9;8;MeanColumns;False;NZW;0.7420991304302353;0.5976360824400626;0.8865621784204081
9;8;MeanRows;False;NZW;1.0;1.0;1.0
9;8;MaxColumns;False;NZW;0.8168304193189407;0.7362831771488807;0.8973776614890008
9;8;MaxRows;False;NZW;1.0;1.0;1.0
9;9;From;False;NZW;0.5379169741268169;0.17881178815066198;0.8970221601029719
9;9;To;False;NZW;0.883986353049045;0.7907921873039222;0.9771805187941679
9;9;MeanColumns;False;NZW;0.6264178305276826;0.3543681950606139;0.8984674659947514
9;9;MeanRows;False;NZW;1.0;1.0;1.0
9;9;MaxColumns;False;NZW;0.733939163479832;0.572001967800047;0.8958763591596172
9;9;MaxRows;False;NZW;1.0;1.0;1.0
9;10;From;False;NZW;0.5417273312284329;0.10794669907935044;0.9755079633775152
9;10;To;False;NZW;0.8676372400155256;0.7376886443499773;0.9975858356810738
9;10;MeanColumns;False;NZW;0.5808082491939167;0.17740243235613257;0.9842140660317009
9;10;MeanRows;False;NZW;1.0;1.0;1.0
9;10;MaxColumns;False;NZW;0.7736034229705419;0.5477549947880375;0.9994518511530462
9;10;MaxRows;False;NZW;1.0;1.0;1.0
9;11;From;False;NZW;0.7526883327860294;0.5352886518889888;0.9700880136830702
9;11;To;False;NZW;0.9207381608458056;0.8864479262672064;0.955028395424405
9;11;MeanColumns;False;NZW;0.7986945209100851;0.6023839750269036;0.9950050667932666
9;11;MeanRows;False;NZW;1.0;1.0;1.0
9;11;MaxColumns;False;NZW;0.9437380065217177;0.9039119525926831;0.9835640604507523
9;11;MaxRows;False;NZW;1.0;1.0;1.0
10;Mean;From;False;NZW;0.9577244642466662;0.9322951409825885;0.983153787510744
10;Mean;To;False;NZW;0.9993805618565695;0.9987611237131391;1.0
10;Mean;MeanColumns;False;NZW;0.9738860332295756;0.9631528775710543;0.984619188888097
10;Mean;MeanRows;False;NZW;1.0;1.0;1.0
10;Mean;MaxColumns;False;NZW;0.9852980863470333;0.9809398209321121;0.9896563517619544
10;Mean;MaxRows;False;NZW;1.0;1.0;1.0
10;Sum;From;False;NZW;0.9577244642466662;0.9322951409825885;0.983153787510744
10;Sum;To;False;NZW;0.9993805618565695;0.9987611237131391;1.0
10;Sum;MeanColumns;False;NZW;0.9738860332295756;0.9631528775710543;0.984619188888097
10;Sum;MeanRows;False;NZW;1.0;1.0;1.0
10;Sum;MaxColumns;False;NZW;0.9852980863470333;0.9809398209321121;0.9896563517619544
10;Sum;MaxRows;False;NZW;1.0;1.0;1.0
10;0;From;False;NZW;0.5585867922573315;0.23424064260486985;0.8829329419097933
10;0;To;False;NZW;0.9266076182930463;0.9073707076908039;0.9458445288952888
10;0;MeanColumns;False;NZW;0.6782211147544571;0.4708555790296498;0.8855866504792644
10;0;MeanRows;False;NZW;1.0;1.0;1.0
10;0;MaxColumns;False;NZW;0.7680087625989604;0.6212778188920776;0.9147397063058432
10;0;MaxRows;False;NZW;1.0;1.0;1.0
10;1;From;False;NZW;0.9597188893192046;0.9245684504357476;0.9948693282026614
10;1;To;False;NZW;0.9982896818286636;0.9982812772640028;0.9982980863933244
10;1;MeanColumns;False;NZW;0.9758709324088777;0.9517418648177554;1.0
10;1;MeanRows;False;NZW;1.0;1.0;1.0
10;1;MaxColumns;False;NZW;0.9958890947175684;0.9937412396124726;0.9980369498226641
10;1;MaxRows;False;NZW;1.0;1.0;1.0
10;2;From;False;NZW;0.9581455086633577;0.970723056088652;0.9455679612380634
10;2;To;False;NZW;0.9878310158949816;0.9959676625979654;0.9796943691919977
10;2;MeanColumns;False;NZW;0.9754485417870181;0.9897938036909459;0.9611032798830903
10;2;MeanRows;False;NZW;1.0;1.0;1.0
10;2;MaxColumns;False;NZW;0.975305320876676;0.9903372795143862;0.9602733622389659
10;2;MaxRows;False;NZW;1.0;1.0;1.0
10;3;From;False;NZW;0.9175044649266819;0.860778310384649;0.9742306194687147
10;3;To;False;NZW;0.9804939561086297;0.9821001805017793;0.97888773171548
10;3;MeanColumns;False;NZW;0.8774663345080342;0.7844660985494982;0.9704665704665704
10;3;MeanRows;False;NZW;1.0;1.0;1.0
10;3;MaxColumns;False;NZW;0.9027259348942215;0.8161456942203804;0.9893061755680626
10;3;MaxRows;False;NZW;1.0;1.0;1.0
10;4;From;False;NZW;0.8573971335342039;0.8119244543639113;0.9028698127044964
10;4;To;False;NZW;0.9917185722355107;0.9980129415954789;0.9854242028755426
10;4;MeanColumns;False;NZW;0.8819962917616218;0.8579630864303214;0.9060294970929222
10;4;MeanRows;False;NZW;1.0;1.0;1.0
10;4;MaxColumns;False;NZW;0.9174871263190103;0.9324320916126061;0.9025421610254146
10;4;MaxRows;False;NZW;1.0;1.0;1.0
10;5;From;False;NZW;0.9287484930701966;0.942994639786978;0.9145023463534153
10;5;To;False;NZW;0.9858376680756471;0.9939562312611447;0.9777191048901495
10;5;MeanColumns;False;NZW;0.9385009778519342;0.9684807038732145;0.908521251830654
10;5;MeanRows;False;NZW;1.0;1.0;1.0
10;5;MaxColumns;False;NZW;0.9430223822280092;0.9660342361054186;0.9200105283505997
10;5;MaxRows;False;NZW;1.0;1.0;1.0
10;6;From;False;NZW;0.7546186090494568;0.542454781499103;0.9667824365998106
10;6;To;False;NZW;0.9956233219971842;0.9955737157321544;0.995672928262214
10;6;MeanColumns;False;NZW;0.9267471470874784;0.8544522867996163;0.9990420073753405
10;6;MeanRows;False;NZW;1.0;1.0;1.0
10;6;MaxColumns;False;NZW;0.9741811431672025;0.9488124974989018;0.999549788835503
10;6;MaxRows;False;NZW;1.0;1.0;1.0
10;7;From;False;NZW;0.9059029316011515;0.8260169620544547;0.9857889011478485
10;7;To;False;NZW;0.9956067230565674;0.9977158583486299;0.9934975877645049
10;7;MeanColumns;False;NZW;0.9357750120862551;0.875409785848688;0.9961402383238223
10;7;MeanRows;False;NZW;1.0;1.0;1.0
10;7;MaxColumns;False;NZW;0.9628781651183052;0.9487850433273574;0.9769712869092528
10;7;MaxRows;False;NZW;1.0;1.0;1.0
10;8;From;False;NZW;0.9189509018971982;0.9208607593665687;0.9170410444278276
10;8;To;False;NZW;0.9977604850830777;0.9984295345473072;0.9970914356188482
10;8;MeanColumns;False;NZW;0.9166270291619932;0.9180379935272609;0.9152160647967256
10;8;MeanRows;False;NZW;1.0;1.0;1.0
10;8;MaxColumns;False;NZW;0.9273268056622063;0.933035860900619;0.9216177504237936
10;8;MaxRows;False;NZW;1.0;1.0;1.0
10;9;From;False;NZW;0.9192449082960021;0.8791412141891184;0.959348602402886
10;9;To;False;NZW;0.9886324168493421;0.9929046873059204;0.9843601463927639
10;9;MeanColumns;False;NZW;0.9580365034133762;0.9469287435717639;0.9691442632549884
10;9;MeanRows;False;NZW;1.0;1.0;1.0
10;9;MaxColumns;False;NZW;0.9907441205275636;0.9854126355951954;0.9960756054599317
10;9;MaxRows;False;NZW;1.0;1.0;1.0
10;10;From;False;NZW;0.34792254825698604;0.4705049991676392;0.22534009734633287
10;10;To;False;NZW;0.6112210059740617;0.42181865320504097;0.8006233587430823
10;10;MeanColumns;False;NZW;0.4080119793070781;0.5831482840785693;0.2328756745355869
10;10;MeanRows;False;NZW;1.0;1.0;1.0
10;10;MaxColumns;False;NZW;0.9057494295945383;0.9849111523985751;0.8265877067905016
10;10;MaxRows;False;NZW;1.0;1.0;1.0
10;11;From;False;NZW;0.9561023132552477;0.9474588152040555;0.9647458113064399
10;11;To;False;NZW;0.9928541236688343;0.9983024652890296;0.987405782048639
10;11;MeanColumns;False;NZW;0.9791970589300196;0.9762643398450203;0.9821297780150189
10;11;MeanRows;False;NZW;1.0;1.0;1.0
10;11;MaxColumns;False;NZW;0.9809148344025183;0.9764047215258218;0.9854249472792146
10;11;MaxRows;False;NZW;1.0;1.0;1.0
11;Mean;From;False;NZW;0.9972702512300398;0.9958031287227058;0.9987373737373737
11;Mean;To;False;NZW;1.0;1.0;1.0
11;Mean;MeanColumns;False;NZW;1.0;1.0;1.0
11;Mean;MeanRows;False;NZW;1.0;1.0;1.0
11;Mean;MaxColumns;False;NZW;0.999607535321821;1.0;0.999215070643642
11;Mean;MaxRows;False;NZW;1.0;1.0;1.0
11;Sum;From;False;NZW;0.9972702512300398;0.9958031287227058;0.9987373737373737
11;Sum;To;False;NZW;1.0;1.0;1.0
11;Sum;MeanColumns;False;NZW;1.0;1.0;1.0
11;Sum;MeanRows;False;NZW;1.0;1.0;1.0
11;Sum;MaxColumns;False;NZW;0.999607535321821;1.0;0.999215070643642
11;Sum;MaxRows;False;NZW;1.0;1.0;1.0
11;0;From;False;NZW;0.965870556263712;0.988309125643056;0.9434319868843679
11;0;To;False;NZW;0.9789653240037564;0.9977270288753222;0.9602036191321905
11;0;MeanColumns;False;NZW;0.969054148481876;0.9912551941582681;0.9468531028054837
11;0;MeanRows;False;NZW;1.0;1.0;1.0
11;0;MaxColumns;False;NZW;0.9937646173987689;0.9989530622927937;0.9885761725047439
11;0;MaxRows;False;NZW;1.0;1.0;1.0
11;1;From;False;NZW;0.9660139796804017;0.9898803214766774;0.942147637884126
11;1;To;False;NZW;0.9989674984732916;0.9979349969465832;1.0
11;1;MeanColumns;False;NZW;0.9717257659584793;0.9998989484064983;0.9435525835104601
11;1;MeanRows;False;NZW;1.0;1.0;1.0
11;1;MaxColumns;False;NZW;0.9911625471641837;0.9991685868264981;0.9831565075018693
11;1;MaxRows;False;NZW;1.0;1.0;1.0
11;2;From;False;NZW;0.9929062020261679;0.9923259522325507;0.993486451819785
11;2;To;False;NZW;0.9980974041108654;0.9979865350134577;0.9982082732082732
11;2;MeanColumns;False;NZW;1.0;1.0;1.0
11;2;MeanRows;False;NZW;1.0;1.0;1.0
11;2;MaxColumns;False;NZW;0.9996429325949685;0.999920107490846;0.999365757699091
11;2;MaxRows;False;NZW;1.0;1.0;1.0
11;3;From;False;NZW;0.9809996306331888;0.9819694420996539;0.9800298191667238
11;3;To;False;NZW;0.9969661358857237;0.9981129896426415;0.9958192821288059
11;3;MeanColumns;False;NZW;0.9998717427377628;0.9999859898846968;0.9997574955908289
11;3;MeanRows;False;NZW;1.0;1.0;1.0
11;3;MaxColumns;False;NZW;0.9941403111522074;0.9982403495260468;0.990040272778368
11;3;MaxRows;False;NZW;1.0;1.0;1.0
11;4;From;False;NZW;0.9961303287689836;0.9933188585961682;0.9989417989417989
11;4;To;False;NZW;0.9999014175806298;0.9998028351612597;1.0
11;4;MeanColumns;False;NZW;0.9994028844391234;0.9988057688782467;1.0
11;4;MeanRows;False;NZW;1.0;1.0;1.0
11;4;MaxColumns;False;NZW;1.0;1.0;1.0
11;4;MaxRows;False;NZW;1.0;1.0;1.0
11;5;From;False;NZW;0.9692733430897681;0.9919735793572956;0.9465731068222406
11;5;To;False;NZW;0.998762282795012;0.9978516194885065;0.9996729461015176
11;5;MeanColumns;False;NZW;0.9754554298096807;0.9999749673600383;0.9509358922593231
11;5;MeanRows;False;NZW;1.0;1.0;1.0
11;5;MaxColumns;False;NZW;0.9995331656986353;0.9998691327865993;0.9991971986106714
11;5;MaxRows;False;NZW;1.0;1.0;1.0
11;6;From;False;NZW;0.9906864977762169;0.9907795557030414;0.9905934398493922
11;6;To;False;NZW;0.9970107932041107;0.9980341303017176;0.9959874561065037
11;6;MeanColumns;False;NZW;0.9997225784798507;0.9998059073204517;0.9996392496392497
11;6;MeanRows;False;NZW;1.0;1.0;1.0
11;6;MaxColumns;False;NZW;0.9985878539449968;1.0;0.9971757078899935
11;6;MaxRows;False;NZW;1.0;1.0;1.0
11;7;From;False;NZW;0.7705016781732348;0.5470488540586339;0.9939545022878358
11;7;To;False;NZW;0.99897188928771;0.9982945080928163;0.9996492704826038
11;7;MeanColumns;False;NZW;0.8645249455830527;0.7291701412863555;0.9998797498797499
11;7;MeanRows;False;NZW;1.0;1.0;1.0
11;7;MaxColumns;False;NZW;0.9986498672542465;0.9972997345084932;1.0
11;7;MaxRows;False;NZW;1.0;1.0;1.0
11;8;From;False;NZW;0.9982292933969268;0.9978414631767298;0.9986171236171236
11;8;To;False;NZW;0.9999430485275016;0.9998860970550031;1.0
11;8;MeanColumns;False;NZW;1.0;1.0;1.0
11;8;MeanRows;False;NZW;1.0;1.0;1.0
11;8;MaxColumns;False;NZW;0.9983600048739203;0.9999912755191066;0.9967287342287341
11;8;MaxRows;False;NZW;1.0;1.0;1.0
11;9;From;False;NZW;0.9885818525398449;0.9939367094641066;0.9832269956155832
11;9;To;False;NZW;0.998585219226935;0.9972365760200076;0.9999338624338624
11;9;MeanColumns;False;NZW;0.9973858197558233;0.9993825280137094;0.9953891114979372
11;9;MeanRows;False;NZW;1.0;1.0;1.0
11;9;MaxColumns;False;NZW;0.9959027067590973;0.9997772917281681;0.9920281217900265
11;9;MaxRows;False;NZW;1.0;1.0;1.0
11;10;From;False;NZW;0.9914808869954713;0.9944930557603195;0.9884687182306231
11;10;To;False;NZW;0.9992763198265131;0.9986728897732762;0.9998797498797499
11;10;MeanColumns;False;NZW;0.9996249678031116;0.9992499356062232;1.0
11;10;MeanRows;False;NZW;1.0;1.0;1.0
11;10;MaxColumns;False;NZW;0.9980071409259783;0.9999389286337463;0.9960753532182103
11;10;MaxRows;False;NZW;1.0;1.0;1.0
11;11;From;False;NZW;0.9863036447675866;0.9916129641956097;0.9809943253395633
11;11;To;False;NZW;0.9986603841422833;0.9976928168709011;0.9996279514136656
11;11;MeanColumns;False;NZW;0.9999956377595534;0.9999912755191066;1.0
11;11;MeanRows;False;NZW;1.0;1.0;1.0
11;11;MaxColumns;False;NZW;0.9947519572896198;0.9989230668555348;0.9905808477237049
11;11;MaxRows;False;NZW;1.0;1.0;1.0
Mean;;;True;NZW;0.8418532776784451;0.8307863050983039;0.8529202502585863
Multi;;;True;NZW;0.6698878845864422;0.6553565236117852;0.6844192455610993
Sum;;;True;NZW;0.8418532776784451;0.8307863050983039;0.8529202502585863